"search-number","evaluation","evals-requested-so-far","conformity-level*","conformity-drawn*","n-neis*","p-random*","p-speaking-level*","p-speaking-drawn*","boundary*","boundary-drawn*","mode*","tolerance-level*","tolerance-drawn*","network-change*","random-network-change?*","n_centroids*","centroids_change*","centroid_color?*","killing_centroids?*","d_threshold*","polarisation-each-n-steps*","polar_repeats*","opinions*","model*","record-each-n-steps*","avoid-redundancies?*","set-seed?*","x-opinion*","y-opinion*","updating*","record-length*","construct-name?*","record?*","hk-benchmark?*","max-ticks*","n-agents*","random-seed","min-result","max-result","mean-result","stdev-result","final-step-result"
"1","1","30","0.45000000000000007","""uniform""","37","0.21","0.36","""uniform""","0.3","""uniform""","""openly-listen""","0.13","""uniform""","""community""","true","4","1.0E-5","false","true","0.8","3000","20","2","""HK""","5000","false","false","1","2","1","25","true","false","false","3000","257","""-1946178568""","0.518","0.518","0.518","0","0.518"
"1","2","30","0.45000000000000007","""uniform""","37","0.21","0.36","""uniform""","0.3","""uniform""","""openly-listen""","0.13","""uniform""","""community""","true","4","1.0E-5","false","true","0.8","3000","20","2","""HK""","5000","false","false","1","2","1","25","true","false","false","3000","257","""157721705""","0.66","0.66","0.66","0","0.66"
"1","3","30","0.45000000000000007","""uniform""","37","0.21","0.36","""uniform""","0.3","""uniform""","""openly-listen""","0.13","""uniform""","""community""","true","4","1.0E-5","false","true","0.8","3000","20","2","""HK""","5000","false","false","1","2","1","25","true","false","false","3000","257","""772637868""","0.577","0.577","0.577","0","0.577"
"1","4","30","0.45000000000000007","""uniform""","37","0.21","0.36","""uniform""","0.3","""uniform""","""openly-listen""","0.13","""uniform""","""community""","true","4","1.0E-5","false","true","0.8","3000","20","2","""HK""","5000","false","false","1","2","1","25","true","false","false","3000","257","""-1854417698""","0.563","0.563","0.563","0","0.563"
"1","5","30","0.45000000000000007","""uniform""","37","0.21","0.36","""uniform""","0.3","""uniform""","""openly-listen""","0.13","""uniform""","""community""","true","4","1.0E-5","false","true","0.8","3000","20","2","""HK""","5000","false","false","1","2","1","25","true","false","false","3000","257","""-717044005""","0.684","0.684","0.684","0","0.684"
"1","6","30","0.45000000000000007","""uniform""","37","0.21","0.36","""uniform""","0.3","""uniform""","""openly-listen""","0.13","""uniform""","""community""","true","4","1.0E-5","false","true","0.8","3000","20","2","""HK""","5000","false","false","1","2","1","25","true","false","false","3000","257","""1708691149""","0.774","0.774","0.774","0","0.774"
"1","7","30","0.45000000000000007","""uniform""","37","0.21","0.36","""uniform""","0.3","""uniform""","""openly-listen""","0.13","""uniform""","""community""","true","4","1.0E-5","false","true","0.8","3000","20","2","""HK""","5000","false","false","1","2","1","25","true","false","false","3000","257","""-413040231""","0.625","0.625","0.625","0","0.625"
"1","8","30","0.45000000000000007","""uniform""","37","0.21","0.36","""uniform""","0.3","""uniform""","""openly-listen""","0.13","""uniform""","""community""","true","4","1.0E-5","false","true","0.8","3000","20","2","""HK""","5000","false","false","1","2","1","25","true","false","false","3000","257","""-1491812916""","0.638","0.638","0.638","0","0.638"
"1","9","30","0.45000000000000007","""uniform""","37","0.21","0.36","""uniform""","0.3","""uniform""","""openly-listen""","0.13","""uniform""","""community""","true","4","1.0E-5","false","true","0.8","3000","20","2","""HK""","5000","false","false","1","2","1","25","true","false","false","3000","257","""-1229420414""","0.492","0.492","0.492","0","0.492"
"1","10","30","0.45000000000000007","""uniform""","37","0.21","0.36","""uniform""","0.3","""uniform""","""openly-listen""","0.13","""uniform""","""community""","true","4","1.0E-5","false","true","0.8","3000","20","2","""HK""","5000","false","false","1","2","1","25","true","false","false","3000","257","""417475160""","0.539","0.539","0.539","0","0.539"
"1","11","30","0.45000000000000007","""uniform""","37","0.21","0.36","""uniform""","0.3","""uniform""","""openly-listen""","0.13","""uniform""","""community""","true","4","1.0E-5","false","true","0.8","3000","20","2","""HK""","5000","false","false","1","2","1","25","true","false","false","3000","257","""872936417""","0.661","0.661","0.661","0","0.661"
"1","12","30","0.45000000000000007","""uniform""","37","0.21","0.36","""uniform""","0.3","""uniform""","""openly-listen""","0.13","""uniform""","""community""","true","4","1.0E-5","false","true","0.8","3000","20","2","""HK""","5000","false","false","1","2","1","25","true","false","false","3000","257","""-1945528485""","0.596","0.596","0.596","0","0.596"
"1","13","30","0.45000000000000007","""uniform""","37","0.21","0.36","""uniform""","0.3","""uniform""","""openly-listen""","0.13","""uniform""","""community""","true","4","1.0E-5","false","true","0.8","3000","20","2","""HK""","5000","false","false","1","2","1","25","true","false","false","3000","257","""38526040""","0.715","0.715","0.715","0","0.715"
"1","14","30","0.45000000000000007","""uniform""","37","0.21","0.36","""uniform""","0.3","""uniform""","""openly-listen""","0.13","""uniform""","""community""","true","4","1.0E-5","false","true","0.8","3000","20","2","""HK""","5000","false","false","1","2","1","25","true","false","false","3000","257","""-401342128""","0.554","0.554","0.554","0","0.554"
"1","15","30","0.45000000000000007","""uniform""","37","0.21","0.36","""uniform""","0.3","""uniform""","""openly-listen""","0.13","""uniform""","""community""","true","4","1.0E-5","false","true","0.8","3000","20","2","""HK""","5000","false","false","1","2","1","25","true","false","false","3000","257","""430954191""","0.792","0.792","0.792","0","0.792"
"1","16","30","0.45000000000000007","""uniform""","37","0.21","0.36","""uniform""","0.3","""uniform""","""openly-listen""","0.13","""uniform""","""community""","true","4","1.0E-5","false","true","0.8","3000","20","2","""HK""","5000","false","false","1","2","1","25","true","false","false","3000","257","""1403612034""","0.423","0.423","0.423","0","0.423"
"1","17","30","0.45000000000000007","""uniform""","37","0.21","0.36","""uniform""","0.3","""uniform""","""openly-listen""","0.13","""uniform""","""community""","true","4","1.0E-5","false","true","0.8","3000","20","2","""HK""","5000","false","false","1","2","1","25","true","false","false","3000","257","""-2093164151""","0.715","0.715","0.715","0","0.715"
"1","18","30","0.45000000000000007","""uniform""","37","0.21","0.36","""uniform""","0.3","""uniform""","""openly-listen""","0.13","""uniform""","""community""","true","4","1.0E-5","false","true","0.8","3000","20","2","""HK""","5000","false","false","1","2","1","25","true","false","false","3000","257","""169210630""","0.595","0.595","0.595","0","0.595"
"1","19","30","0.45000000000000007","""uniform""","37","0.21","0.36","""uniform""","0.3","""uniform""","""openly-listen""","0.13","""uniform""","""community""","true","4","1.0E-5","false","true","0.8","3000","20","2","""HK""","5000","false","false","1","2","1","25","true","false","false","3000","257","""1628554542""","0.658","0.658","0.658","0","0.658"
"1","20","30","0.45000000000000007","""uniform""","37","0.21","0.36","""uniform""","0.3","""uniform""","""openly-listen""","0.13","""uniform""","""community""","true","4","1.0E-5","false","true","0.8","3000","20","2","""HK""","5000","false","false","1","2","1","25","true","false","false","3000","257","""1617823621""","0.72","0.72","0.72","0","0.72"
"1","21","30","0.45000000000000007","""uniform""","37","0.21","0.36","""uniform""","0.3","""uniform""","""openly-listen""","0.13","""uniform""","""community""","true","4","1.0E-5","false","true","0.8","3000","20","2","""HK""","5000","false","false","1","2","1","25","true","false","false","3000","257","""1814391415""","0.838","0.838","0.838","0","0.838"
"1","22","30","0.45000000000000007","""uniform""","37","0.21","0.36","""uniform""","0.3","""uniform""","""openly-listen""","0.13","""uniform""","""community""","true","4","1.0E-5","false","true","0.8","3000","20","2","""HK""","5000","false","false","1","2","1","25","true","false","false","3000","257","""895489794""","0.551","0.551","0.551","0","0.551"
"1","23","30","0.45000000000000007","""uniform""","37","0.21","0.36","""uniform""","0.3","""uniform""","""openly-listen""","0.13","""uniform""","""community""","true","4","1.0E-5","false","true","0.8","3000","20","2","""HK""","5000","false","false","1","2","1","25","true","false","false","3000","257","""944483510""","0.553","0.553","0.553","0","0.553"
"1","24","30","0.45000000000000007","""uniform""","37","0.21","0.36","""uniform""","0.3","""uniform""","""openly-listen""","0.13","""uniform""","""community""","true","4","1.0E-5","false","true","0.8","3000","20","2","""HK""","5000","false","false","1","2","1","25","true","false","false","3000","257","""1184046776""","0.553","0.553","0.553","0","0.553"
"1","25","30","0.45000000000000007","""uniform""","37","0.21","0.36","""uniform""","0.3","""uniform""","""openly-listen""","0.13","""uniform""","""community""","true","4","1.0E-5","false","true","0.8","3000","20","2","""HK""","5000","false","false","1","2","1","25","true","false","false","3000","257","""-822248131""","0.668","0.668","0.668","0","0.668"
"1","26","30","0.45000000000000007","""uniform""","37","0.21","0.36","""uniform""","0.3","""uniform""","""openly-listen""","0.13","""uniform""","""community""","true","4","1.0E-5","false","true","0.8","3000","20","2","""HK""","5000","false","false","1","2","1","25","true","false","false","3000","257","""-1859837606""","0.745","0.745","0.745","0","0.745"
"1","27","30","0.45000000000000007","""uniform""","37","0.21","0.36","""uniform""","0.3","""uniform""","""openly-listen""","0.13","""uniform""","""community""","true","4","1.0E-5","false","true","0.8","3000","20","2","""HK""","5000","false","false","1","2","1","25","true","false","false","3000","257","""-998350342""","0.6","0.6","0.6","0","0.6"
"1","28","30","0.45000000000000007","""uniform""","37","0.21","0.36","""uniform""","0.3","""uniform""","""openly-listen""","0.13","""uniform""","""community""","true","4","1.0E-5","false","true","0.8","3000","20","2","""HK""","5000","false","false","1","2","1","25","true","false","false","3000","257","""-1418470218""","0.592","0.592","0.592","0","0.592"
"1","29","30","0.45000000000000007","""uniform""","37","0.21","0.36","""uniform""","0.3","""uniform""","""openly-listen""","0.13","""uniform""","""community""","true","4","1.0E-5","false","true","0.8","3000","20","2","""HK""","5000","false","false","1","2","1","25","true","false","false","3000","257","""1622250195""","0.631","0.631","0.631","0","0.631"
"1","30","30","0.45000000000000007","""uniform""","37","0.21","0.36","""uniform""","0.3","""uniform""","""openly-listen""","0.13","""uniform""","""community""","true","4","1.0E-5","false","true","0.8","3000","20","2","""HK""","5000","false","false","1","2","1","25","true","false","false","3000","257","""-531173441""","0.718","0.718","0.718","0","0.718"
"2","1","30","0.36","""uniform""","16","0.49","0.149","""function""","0.34","""uniform""","""openly-listen""","1.06","""uniform""","""community""","true","4","1.0E-5","false","true","0.8","3000","20","2","""HK""","5000","false","false","1","2","1","25","true","false","false","3000","257","""1801479829""","0.275","0.275","0.275","0","0.275"
"2","2","30","0.36","""uniform""","16","0.49","0.149","""function""","0.34","""uniform""","""openly-listen""","1.06","""uniform""","""community""","true","4","1.0E-5","false","true","0.8","3000","20","2","""HK""","5000","false","false","1","2","1","25","true","false","false","3000","257","""-2141530525""","0.154","0.154","0.154","0","0.154"
"2","3","30","0.36","""uniform""","16","0.49","0.149","""function""","0.34","""uniform""","""openly-listen""","1.06","""uniform""","""community""","true","4","1.0E-5","false","true","0.8","3000","20","2","""HK""","5000","false","false","1","2","1","25","true","false","false","3000","257","""1732590495""","0.288","0.288","0.288","0","0.288"
"2","4","30","0.36","""uniform""","16","0.49","0.149","""function""","0.34","""uniform""","""openly-listen""","1.06","""uniform""","""community""","true","4","1.0E-5","false","true","0.8","3000","20","2","""HK""","5000","false","false","1","2","1","25","true","false","false","3000","257","""-2063699112""","0.157","0.157","0.157","0","0.157"
"2","5","30","0.36","""uniform""","16","0.49","0.149","""function""","0.34","""uniform""","""openly-listen""","1.06","""uniform""","""community""","true","4","1.0E-5","false","true","0.8","3000","20","2","""HK""","5000","false","false","1","2","1","25","true","false","false","3000","257","""-2023197949""","0.279","0.279","0.279","0","0.279"
"2","6","30","0.36","""uniform""","16","0.49","0.149","""function""","0.34","""uniform""","""openly-listen""","1.06","""uniform""","""community""","true","4","1.0E-5","false","true","0.8","3000","20","2","""HK""","5000","false","false","1","2","1","25","true","false","false","3000","257","""-2119282312""","0.247","0.247","0.247","0","0.247"
"2","7","30","0.36","""uniform""","16","0.49","0.149","""function""","0.34","""uniform""","""openly-listen""","1.06","""uniform""","""community""","true","4","1.0E-5","false","true","0.8","3000","20","2","""HK""","5000","false","false","1","2","1","25","true","false","false","3000","257","""179944277""","0.289","0.289","0.289","0","0.289"
"2","8","30","0.36","""uniform""","16","0.49","0.149","""function""","0.34","""uniform""","""openly-listen""","1.06","""uniform""","""community""","true","4","1.0E-5","false","true","0.8","3000","20","2","""HK""","5000","false","false","1","2","1","25","true","false","false","3000","257","""1412832999""","0.313","0.313","0.313","0","0.313"
"2","9","30","0.36","""uniform""","16","0.49","0.149","""function""","0.34","""uniform""","""openly-listen""","1.06","""uniform""","""community""","true","4","1.0E-5","false","true","0.8","3000","20","2","""HK""","5000","false","false","1","2","1","25","true","false","false","3000","257","""397288677""","0.29","0.29","0.29","0","0.29"
"2","10","30","0.36","""uniform""","16","0.49","0.149","""function""","0.34","""uniform""","""openly-listen""","1.06","""uniform""","""community""","true","4","1.0E-5","false","true","0.8","3000","20","2","""HK""","5000","false","false","1","2","1","25","true","false","false","3000","257","""-2073020648""","0.283","0.283","0.283","0","0.283"
"2","11","30","0.36","""uniform""","16","0.49","0.149","""function""","0.34","""uniform""","""openly-listen""","1.06","""uniform""","""community""","true","4","1.0E-5","false","true","0.8","3000","20","2","""HK""","5000","false","false","1","2","1","25","true","false","false","3000","257","""97131094""","0.272","0.272","0.272","0","0.272"
"2","12","30","0.36","""uniform""","16","0.49","0.149","""function""","0.34","""uniform""","""openly-listen""","1.06","""uniform""","""community""","true","4","1.0E-5","false","true","0.8","3000","20","2","""HK""","5000","false","false","1","2","1","25","true","false","false","3000","257","""-1626182167""","0.3","0.3","0.3","0","0.3"
"2","13","30","0.36","""uniform""","16","0.49","0.149","""function""","0.34","""uniform""","""openly-listen""","1.06","""uniform""","""community""","true","4","1.0E-5","false","true","0.8","3000","20","2","""HK""","5000","false","false","1","2","1","25","true","false","false","3000","257","""-782228042""","0.27","0.27","0.27","0","0.27"
"2","14","30","0.36","""uniform""","16","0.49","0.149","""function""","0.34","""uniform""","""openly-listen""","1.06","""uniform""","""community""","true","4","1.0E-5","false","true","0.8","3000","20","2","""HK""","5000","false","false","1","2","1","25","true","false","false","3000","257","""-1962768925""","0.254","0.254","0.254","0","0.254"
"2","15","30","0.36","""uniform""","16","0.49","0.149","""function""","0.34","""uniform""","""openly-listen""","1.06","""uniform""","""community""","true","4","1.0E-5","false","true","0.8","3000","20","2","""HK""","5000","false","false","1","2","1","25","true","false","false","3000","257","""1676641553""","0.204","0.204","0.204","0","0.204"
"2","16","30","0.36","""uniform""","16","0.49","0.149","""function""","0.34","""uniform""","""openly-listen""","1.06","""uniform""","""community""","true","4","1.0E-5","false","true","0.8","3000","20","2","""HK""","5000","false","false","1","2","1","25","true","false","false","3000","257","""-741804153""","0.229","0.229","0.229","0","0.229"
"2","17","30","0.36","""uniform""","16","0.49","0.149","""function""","0.34","""uniform""","""openly-listen""","1.06","""uniform""","""community""","true","4","1.0E-5","false","true","0.8","3000","20","2","""HK""","5000","false","false","1","2","1","25","true","false","false","3000","257","""-754838172""","0.209","0.209","0.209","0","0.209"
"2","18","30","0.36","""uniform""","16","0.49","0.149","""function""","0.34","""uniform""","""openly-listen""","1.06","""uniform""","""community""","true","4","1.0E-5","false","true","0.8","3000","20","2","""HK""","5000","false","false","1","2","1","25","true","false","false","3000","257","""-215712569""","0.195","0.195","0.195","0","0.195"
"2","19","30","0.36","""uniform""","16","0.49","0.149","""function""","0.34","""uniform""","""openly-listen""","1.06","""uniform""","""community""","true","4","1.0E-5","false","true","0.8","3000","20","2","""HK""","5000","false","false","1","2","1","25","true","false","false","3000","257","""1869839825""","0.271","0.271","0.271","0","0.271"
"2","20","30","0.36","""uniform""","16","0.49","0.149","""function""","0.34","""uniform""","""openly-listen""","1.06","""uniform""","""community""","true","4","1.0E-5","false","true","0.8","3000","20","2","""HK""","5000","false","false","1","2","1","25","true","false","false","3000","257","""531405998""","0.251","0.251","0.251","0","0.251"
"2","21","30","0.36","""uniform""","16","0.49","0.149","""function""","0.34","""uniform""","""openly-listen""","1.06","""uniform""","""community""","true","4","1.0E-5","false","true","0.8","3000","20","2","""HK""","5000","false","false","1","2","1","25","true","false","false","3000","257","""-1145084579""","0.33","0.33","0.33","0","0.33"
"2","22","30","0.36","""uniform""","16","0.49","0.149","""function""","0.34","""uniform""","""openly-listen""","1.06","""uniform""","""community""","true","4","1.0E-5","false","true","0.8","3000","20","2","""HK""","5000","false","false","1","2","1","25","true","false","false","3000","257","""235754618""","0.239","0.239","0.239","0","0.239"
"2","23","30","0.36","""uniform""","16","0.49","0.149","""function""","0.34","""uniform""","""openly-listen""","1.06","""uniform""","""community""","true","4","1.0E-5","false","true","0.8","3000","20","2","""HK""","5000","false","false","1","2","1","25","true","false","false","3000","257","""367279389""","0.296","0.296","0.296","0","0.296"
"2","24","30","0.36","""uniform""","16","0.49","0.149","""function""","0.34","""uniform""","""openly-listen""","1.06","""uniform""","""community""","true","4","1.0E-5","false","true","0.8","3000","20","2","""HK""","5000","false","false","1","2","1","25","true","false","false","3000","257","""-765161132""","0.159","0.159","0.159","0","0.159"
"2","25","30","0.36","""uniform""","16","0.49","0.149","""function""","0.34","""uniform""","""openly-listen""","1.06","""uniform""","""community""","true","4","1.0E-5","false","true","0.8","3000","20","2","""HK""","5000","false","false","1","2","1","25","true","false","false","3000","257","""-1075389414""","0.287","0.287","0.287","0","0.287"
"2","26","30","0.36","""uniform""","16","0.49","0.149","""function""","0.34","""uniform""","""openly-listen""","1.06","""uniform""","""community""","true","4","1.0E-5","false","true","0.8","3000","20","2","""HK""","5000","false","false","1","2","1","25","true","false","false","3000","257","""-295400714""","0.241","0.241","0.241","0","0.241"
"2","27","30","0.36","""uniform""","16","0.49","0.149","""function""","0.34","""uniform""","""openly-listen""","1.06","""uniform""","""community""","true","4","1.0E-5","false","true","0.8","3000","20","2","""HK""","5000","false","false","1","2","1","25","true","false","false","3000","257","""544079156""","0.192","0.192","0.192","0","0.192"
"2","28","30","0.36","""uniform""","16","0.49","0.149","""function""","0.34","""uniform""","""openly-listen""","1.06","""uniform""","""community""","true","4","1.0E-5","false","true","0.8","3000","20","2","""HK""","5000","false","false","1","2","1","25","true","false","false","3000","257","""1812337006""","0.293","0.293","0.293","0","0.293"
"2","29","30","0.36","""uniform""","16","0.49","0.149","""function""","0.34","""uniform""","""openly-listen""","1.06","""uniform""","""community""","true","4","1.0E-5","false","true","0.8","3000","20","2","""HK""","5000","false","false","1","2","1","25","true","false","false","3000","257","""1388965081""","0.276","0.276","0.276","0","0.276"
"2","30","30","0.36","""uniform""","16","0.49","0.149","""function""","0.34","""uniform""","""openly-listen""","1.06","""uniform""","""community""","true","4","1.0E-5","false","true","0.8","3000","20","2","""HK""","5000","false","false","1","2","1","25","true","false","false","3000","257","""-888042618""","0.295","0.295","0.295","0","0.295"
"3","1","30","0.18","""uniform""","14","0.42","0.771","""function""","0.61","""uniform""","""openly-listen""","0.92","""uniform""","""community""","true","4","1.0E-5","false","true","0.8","3000","20","2","""HK""","5000","false","false","1","2","1","25","true","false","false","3000","257","""-722008396""","0.127","0.127","0.127","0","0.127"
"3","2","30","0.18","""uniform""","14","0.42","0.771","""function""","0.61","""uniform""","""openly-listen""","0.92","""uniform""","""community""","true","4","1.0E-5","false","true","0.8","3000","20","2","""HK""","5000","false","false","1","2","1","25","true","false","false","3000","257","""426337286""","0.156","0.156","0.156","0","0.156"
"3","3","30","0.18","""uniform""","14","0.42","0.771","""function""","0.61","""uniform""","""openly-listen""","0.92","""uniform""","""community""","true","4","1.0E-5","false","true","0.8","3000","20","2","""HK""","5000","false","false","1","2","1","25","true","false","false","3000","257","""-491034623""","0.229","0.229","0.229","0","0.229"
"3","4","30","0.18","""uniform""","14","0.42","0.771","""function""","0.61","""uniform""","""openly-listen""","0.92","""uniform""","""community""","true","4","1.0E-5","false","true","0.8","3000","20","2","""HK""","5000","false","false","1","2","1","25","true","false","false","3000","257","""1502373766""","0.103","0.103","0.103","0","0.103"
"3","5","30","0.18","""uniform""","14","0.42","0.771","""function""","0.61","""uniform""","""openly-listen""","0.92","""uniform""","""community""","true","4","1.0E-5","false","true","0.8","3000","20","2","""HK""","5000","false","false","1","2","1","25","true","false","false","3000","257","""1960868546""","0.119","0.119","0.119","0","0.119"
"3","6","30","0.18","""uniform""","14","0.42","0.771","""function""","0.61","""uniform""","""openly-listen""","0.92","""uniform""","""community""","true","4","1.0E-5","false","true","0.8","3000","20","2","""HK""","5000","false","false","1","2","1","25","true","false","false","3000","257","""1410076687""","0.082","0.082","0.082","0","0.082"
"3","7","30","0.18","""uniform""","14","0.42","0.771","""function""","0.61","""uniform""","""openly-listen""","0.92","""uniform""","""community""","true","4","1.0E-5","false","true","0.8","3000","20","2","""HK""","5000","false","false","1","2","1","25","true","false","false","3000","257","""-864338202""","0.068","0.068","0.068","0","0.068"
"3","8","30","0.18","""uniform""","14","0.42","0.771","""function""","0.61","""uniform""","""openly-listen""","0.92","""uniform""","""community""","true","4","1.0E-5","false","true","0.8","3000","20","2","""HK""","5000","false","false","1","2","1","25","true","false","false","3000","257","""1676924339""","0.123","0.123","0.123","0","0.123"
"3","9","30","0.18","""uniform""","14","0.42","0.771","""function""","0.61","""uniform""","""openly-listen""","0.92","""uniform""","""community""","true","4","1.0E-5","false","true","0.8","3000","20","2","""HK""","5000","false","false","1","2","1","25","true","false","false","3000","257","""237460806""","0.162","0.162","0.162","0","0.162"
"3","10","30","0.18","""uniform""","14","0.42","0.771","""function""","0.61","""uniform""","""openly-listen""","0.92","""uniform""","""community""","true","4","1.0E-5","false","true","0.8","3000","20","2","""HK""","5000","false","false","1","2","1","25","true","false","false","3000","257","""-411184527""","0.062","0.062","0.062","0","0.062"
"3","11","30","0.18","""uniform""","14","0.42","0.771","""function""","0.61","""uniform""","""openly-listen""","0.92","""uniform""","""community""","true","4","1.0E-5","false","true","0.8","3000","20","2","""HK""","5000","false","false","1","2","1","25","true","false","false","3000","257","""-1822643402""","0.028","0.028","0.028","0","0.028"
"3","12","30","0.18","""uniform""","14","0.42","0.771","""function""","0.61","""uniform""","""openly-listen""","0.92","""uniform""","""community""","true","4","1.0E-5","false","true","0.8","3000","20","2","""HK""","5000","false","false","1","2","1","25","true","false","false","3000","257","""825441365""","0.201","0.201","0.201","0","0.201"
"3","13","30","0.18","""uniform""","14","0.42","0.771","""function""","0.61","""uniform""","""openly-listen""","0.92","""uniform""","""community""","true","4","1.0E-5","false","true","0.8","3000","20","2","""HK""","5000","false","false","1","2","1","25","true","false","false","3000","257","""591672269""","0.11","0.11","0.11","0","0.11"
"3","14","30","0.18","""uniform""","14","0.42","0.771","""function""","0.61","""uniform""","""openly-listen""","0.92","""uniform""","""community""","true","4","1.0E-5","false","true","0.8","3000","20","2","""HK""","5000","false","false","1","2","1","25","true","false","false","3000","257","""2058802394""","0.096","0.096","0.096","0","0.096"
"3","15","30","0.18","""uniform""","14","0.42","0.771","""function""","0.61","""uniform""","""openly-listen""","0.92","""uniform""","""community""","true","4","1.0E-5","false","true","0.8","3000","20","2","""HK""","5000","false","false","1","2","1","25","true","false","false","3000","257","""1530929478""","0.147","0.147","0.147","0","0.147"
"3","16","30","0.18","""uniform""","14","0.42","0.771","""function""","0.61","""uniform""","""openly-listen""","0.92","""uniform""","""community""","true","4","1.0E-5","false","true","0.8","3000","20","2","""HK""","5000","false","false","1","2","1","25","true","false","false","3000","257","""1610701097""","0.127","0.127","0.127","0","0.127"
"3","17","30","0.18","""uniform""","14","0.42","0.771","""function""","0.61","""uniform""","""openly-listen""","0.92","""uniform""","""community""","true","4","1.0E-5","false","true","0.8","3000","20","2","""HK""","5000","false","false","1","2","1","25","true","false","false","3000","257","""-573628181""","0.071","0.071","0.071","0","0.071"
"3","18","30","0.18","""uniform""","14","0.42","0.771","""function""","0.61","""uniform""","""openly-listen""","0.92","""uniform""","""community""","true","4","1.0E-5","false","true","0.8","3000","20","2","""HK""","5000","false","false","1","2","1","25","true","false","false","3000","257","""-164650183""","0.141","0.141","0.141","0","0.141"
"3","19","30","0.18","""uniform""","14","0.42","0.771","""function""","0.61","""uniform""","""openly-listen""","0.92","""uniform""","""community""","true","4","1.0E-5","false","true","0.8","3000","20","2","""HK""","5000","false","false","1","2","1","25","true","false","false","3000","257","""-1989692438""","0.172","0.172","0.172","0","0.172"
"3","20","30","0.18","""uniform""","14","0.42","0.771","""function""","0.61","""uniform""","""openly-listen""","0.92","""uniform""","""community""","true","4","1.0E-5","false","true","0.8","3000","20","2","""HK""","5000","false","false","1","2","1","25","true","false","false","3000","257","""3746620""","0.156","0.156","0.156","0","0.156"
"3","21","30","0.18","""uniform""","14","0.42","0.771","""function""","0.61","""uniform""","""openly-listen""","0.92","""uniform""","""community""","true","4","1.0E-5","false","true","0.8","3000","20","2","""HK""","5000","false","false","1","2","1","25","true","false","false","3000","257","""-2133776946""","0.128","0.128","0.128","0","0.128"
"3","22","30","0.18","""uniform""","14","0.42","0.771","""function""","0.61","""uniform""","""openly-listen""","0.92","""uniform""","""community""","true","4","1.0E-5","false","true","0.8","3000","20","2","""HK""","5000","false","false","1","2","1","25","true","false","false","3000","257","""-723439298""","0.144","0.144","0.144","0","0.144"
"3","23","30","0.18","""uniform""","14","0.42","0.771","""function""","0.61","""uniform""","""openly-listen""","0.92","""uniform""","""community""","true","4","1.0E-5","false","true","0.8","3000","20","2","""HK""","5000","false","false","1","2","1","25","true","false","false","3000","257","""-780499997""","0.108","0.108","0.108","0","0.108"
"3","24","30","0.18","""uniform""","14","0.42","0.771","""function""","0.61","""uniform""","""openly-listen""","0.92","""uniform""","""community""","true","4","1.0E-5","false","true","0.8","3000","20","2","""HK""","5000","false","false","1","2","1","25","true","false","false","3000","257","""-599593414""","0.103","0.103","0.103","0","0.103"
"3","25","30","0.18","""uniform""","14","0.42","0.771","""function""","0.61","""uniform""","""openly-listen""","0.92","""uniform""","""community""","true","4","1.0E-5","false","true","0.8","3000","20","2","""HK""","5000","false","false","1","2","1","25","true","false","false","3000","257","""613681691""","0.057","0.057","0.057","0","0.057"
"3","26","30","0.18","""uniform""","14","0.42","0.771","""function""","0.61","""uniform""","""openly-listen""","0.92","""uniform""","""community""","true","4","1.0E-5","false","true","0.8","3000","20","2","""HK""","5000","false","false","1","2","1","25","true","false","false","3000","257","""-1187767637""","0.129","0.129","0.129","0","0.129"
"3","27","30","0.18","""uniform""","14","0.42","0.771","""function""","0.61","""uniform""","""openly-listen""","0.92","""uniform""","""community""","true","4","1.0E-5","false","true","0.8","3000","20","2","""HK""","5000","false","false","1","2","1","25","true","false","false","3000","257","""-756576369""","0.232","0.232","0.232","0","0.232"
"3","28","30","0.18","""uniform""","14","0.42","0.771","""function""","0.61","""uniform""","""openly-listen""","0.92","""uniform""","""community""","true","4","1.0E-5","false","true","0.8","3000","20","2","""HK""","5000","false","false","1","2","1","25","true","false","false","3000","257","""765516030""","0.179","0.179","0.179","0","0.179"
"3","29","30","0.18","""uniform""","14","0.42","0.771","""function""","0.61","""uniform""","""openly-listen""","0.92","""uniform""","""community""","true","4","1.0E-5","false","true","0.8","3000","20","2","""HK""","5000","false","false","1","2","1","25","true","false","false","3000","257","""-469067117""","0.158","0.158","0.158","0","0.158"
"3","30","30","0.18","""uniform""","14","0.42","0.771","""function""","0.61","""uniform""","""openly-listen""","0.92","""uniform""","""community""","true","4","1.0E-5","false","true","0.8","3000","20","2","""HK""","5000","false","false","1","2","1","25","true","false","false","3000","257","""2064338154""","0.154","0.154","0.154","0","0.154"
"4","1","30","0.5700000000000001","""uniform""","48","0.2","0.101","""function""","0.4","""uniform""","""openly-listen""","0.92","""uniform""","""link""","false","4","1.0E-5","false","true","0.8","3000","20","2","""HK""","5000","false","false","1","2","1","25","true","false","false","3000","257","""1019946965""","0.297","0.297","0.297","0","0.297"
"4","2","30","0.5700000000000001","""uniform""","48","0.2","0.101","""function""","0.4","""uniform""","""openly-listen""","0.92","""uniform""","""link""","false","4","1.0E-5","false","true","0.8","3000","20","2","""HK""","5000","false","false","1","2","1","25","true","false","false","3000","257","""-508860558""","0.568","0.568","0.568","0","0.568"
"4","3","30","0.5700000000000001","""uniform""","48","0.2","0.101","""function""","0.4","""uniform""","""openly-listen""","0.92","""uniform""","""link""","false","4","1.0E-5","false","true","0.8","3000","20","2","""HK""","5000","false","false","1","2","1","25","true","false","false","3000","257","""-1950336339""","0.285","0.285","0.285","0","0.285"
"4","4","30","0.5700000000000001","""uniform""","48","0.2","0.101","""function""","0.4","""uniform""","""openly-listen""","0.92","""uniform""","""link""","false","4","1.0E-5","false","true","0.8","3000","20","2","""HK""","5000","false","false","1","2","1","25","true","false","false","3000","257","""-415334358""","0.271","0.271","0.271","0","0.271"
"4","5","30","0.5700000000000001","""uniform""","48","0.2","0.101","""function""","0.4","""uniform""","""openly-listen""","0.92","""uniform""","""link""","false","4","1.0E-5","false","true","0.8","3000","20","2","""HK""","5000","false","false","1","2","1","25","true","false","false","3000","257","""-644835241""","0.335","0.335","0.335","0","0.335"
"4","6","30","0.5700000000000001","""uniform""","48","0.2","0.101","""function""","0.4","""uniform""","""openly-listen""","0.92","""uniform""","""link""","false","4","1.0E-5","false","true","0.8","3000","20","2","""HK""","5000","false","false","1","2","1","25","true","false","false","3000","257","""-1426934512""","0.406","0.406","0.406","0","0.406"
"4","7","30","0.5700000000000001","""uniform""","48","0.2","0.101","""function""","0.4","""uniform""","""openly-listen""","0.92","""uniform""","""link""","false","4","1.0E-5","false","true","0.8","3000","20","2","""HK""","5000","false","false","1","2","1","25","true","false","false","3000","257","""-1204390164""","0.318","0.318","0.318","0","0.318"
"4","8","30","0.5700000000000001","""uniform""","48","0.2","0.101","""function""","0.4","""uniform""","""openly-listen""","0.92","""uniform""","""link""","false","4","1.0E-5","false","true","0.8","3000","20","2","""HK""","5000","false","false","1","2","1","25","true","false","false","3000","257","""-866658741""","0.402","0.402","0.402","0","0.402"
"4","9","30","0.5700000000000001","""uniform""","48","0.2","0.101","""function""","0.4","""uniform""","""openly-listen""","0.92","""uniform""","""link""","false","4","1.0E-5","false","true","0.8","3000","20","2","""HK""","5000","false","false","1","2","1","25","true","false","false","3000","257","""2044587821""","0.311","0.311","0.311","0","0.311"
"4","10","30","0.5700000000000001","""uniform""","48","0.2","0.101","""function""","0.4","""uniform""","""openly-listen""","0.92","""uniform""","""link""","false","4","1.0E-5","false","true","0.8","3000","20","2","""HK""","5000","false","false","1","2","1","25","true","false","false","3000","257","""-820779252""","0.223","0.223","0.223","0","0.223"
"4","11","30","0.5700000000000001","""uniform""","48","0.2","0.101","""function""","0.4","""uniform""","""openly-listen""","0.92","""uniform""","""link""","false","4","1.0E-5","false","true","0.8","3000","20","2","""HK""","5000","false","false","1","2","1","25","true","false","false","3000","257","""1697696502""","0.208","0.208","0.208","0","0.208"
"4","12","30","0.5700000000000001","""uniform""","48","0.2","0.101","""function""","0.4","""uniform""","""openly-listen""","0.92","""uniform""","""link""","false","4","1.0E-5","false","true","0.8","3000","20","2","""HK""","5000","false","false","1","2","1","25","true","false","false","3000","257","""259950335""","0.299","0.299","0.299","0","0.299"
"4","13","30","0.5700000000000001","""uniform""","48","0.2","0.101","""function""","0.4","""uniform""","""openly-listen""","0.92","""uniform""","""link""","false","4","1.0E-5","false","true","0.8","3000","20","2","""HK""","5000","false","false","1","2","1","25","true","false","false","3000","257","""784245089""","0.32","0.32","0.32","0","0.32"
"4","14","30","0.5700000000000001","""uniform""","48","0.2","0.101","""function""","0.4","""uniform""","""openly-listen""","0.92","""uniform""","""link""","false","4","1.0E-5","false","true","0.8","3000","20","2","""HK""","5000","false","false","1","2","1","25","true","false","false","3000","257","""1893260171""","0.4","0.4","0.4","0","0.4"
"4","15","30","0.5700000000000001","""uniform""","48","0.2","0.101","""function""","0.4","""uniform""","""openly-listen""","0.92","""uniform""","""link""","false","4","1.0E-5","false","true","0.8","3000","20","2","""HK""","5000","false","false","1","2","1","25","true","false","false","3000","257","""1561577188""","0.194","0.194","0.194","0","0.194"
"4","16","30","0.5700000000000001","""uniform""","48","0.2","0.101","""function""","0.4","""uniform""","""openly-listen""","0.92","""uniform""","""link""","false","4","1.0E-5","false","true","0.8","3000","20","2","""HK""","5000","false","false","1","2","1","25","true","false","false","3000","257","""1689836327""","0.37","0.37","0.37","0","0.37"
"4","17","30","0.5700000000000001","""uniform""","48","0.2","0.101","""function""","0.4","""uniform""","""openly-listen""","0.92","""uniform""","""link""","false","4","1.0E-5","false","true","0.8","3000","20","2","""HK""","5000","false","false","1","2","1","25","true","false","false","3000","257","""230355818""","0.27","0.27","0.27","0","0.27"
"4","18","30","0.5700000000000001","""uniform""","48","0.2","0.101","""function""","0.4","""uniform""","""openly-listen""","0.92","""uniform""","""link""","false","4","1.0E-5","false","true","0.8","3000","20","2","""HK""","5000","false","false","1","2","1","25","true","false","false","3000","257","""-648098866""","0.207","0.207","0.207","0","0.207"
"4","19","30","0.5700000000000001","""uniform""","48","0.2","0.101","""function""","0.4","""uniform""","""openly-listen""","0.92","""uniform""","""link""","false","4","1.0E-5","false","true","0.8","3000","20","2","""HK""","5000","false","false","1","2","1","25","true","false","false","3000","257","""-1833080699""","0.131","0.131","0.131","0","0.131"
"4","20","30","0.5700000000000001","""uniform""","48","0.2","0.101","""function""","0.4","""uniform""","""openly-listen""","0.92","""uniform""","""link""","false","4","1.0E-5","false","true","0.8","3000","20","2","""HK""","5000","false","false","1","2","1","25","true","false","false","3000","257","""1586928681""","0.336","0.336","0.336","0","0.336"
"4","21","30","0.5700000000000001","""uniform""","48","0.2","0.101","""function""","0.4","""uniform""","""openly-listen""","0.92","""uniform""","""link""","false","4","1.0E-5","false","true","0.8","3000","20","2","""HK""","5000","false","false","1","2","1","25","true","false","false","3000","257","""-936391617""","0.322","0.322","0.322","0","0.322"
"4","22","30","0.5700000000000001","""uniform""","48","0.2","0.101","""function""","0.4","""uniform""","""openly-listen""","0.92","""uniform""","""link""","false","4","1.0E-5","false","true","0.8","3000","20","2","""HK""","5000","false","false","1","2","1","25","true","false","false","3000","257","""-1260682145""","0.268","0.268","0.268","0","0.268"
"4","23","30","0.5700000000000001","""uniform""","48","0.2","0.101","""function""","0.4","""uniform""","""openly-listen""","0.92","""uniform""","""link""","false","4","1.0E-5","false","true","0.8","3000","20","2","""HK""","5000","false","false","1","2","1","25","true","false","false","3000","257","""-743563879""","0.236","0.236","0.236","0","0.236"
"4","24","30","0.5700000000000001","""uniform""","48","0.2","0.101","""function""","0.4","""uniform""","""openly-listen""","0.92","""uniform""","""link""","false","4","1.0E-5","false","true","0.8","3000","20","2","""HK""","5000","false","false","1","2","1","25","true","false","false","3000","257","""551310838""","0.319","0.319","0.319","0","0.319"
"4","25","30","0.5700000000000001","""uniform""","48","0.2","0.101","""function""","0.4","""uniform""","""openly-listen""","0.92","""uniform""","""link""","false","4","1.0E-5","false","true","0.8","3000","20","2","""HK""","5000","false","false","1","2","1","25","true","false","false","3000","257","""821581453""","0.252","0.252","0.252","0","0.252"
"4","26","30","0.5700000000000001","""uniform""","48","0.2","0.101","""function""","0.4","""uniform""","""openly-listen""","0.92","""uniform""","""link""","false","4","1.0E-5","false","true","0.8","3000","20","2","""HK""","5000","fa