Sim_ID,Seed,Population,Random_links,Close_links,Dimensions,Boundary,Boundary_method,P_speaking,Mode,Far_from_entropy,One_group_size,Number_of_equal_groups,Zero_lenghts,SD
13001,1,129,0,64,1,0.1,constant,1,openly-listen,49.3,56.3,3.08,32,0.465
13002,1,129,0,64,1,0.1,constant,1,vaguely-speak,49.3,56.3,3.08,32,0.465
13003,1,129,0,64,1,0.1,uniform,1,openly-listen,44,64,2.4,41.3,0.406
13004,1,129,0,64,1,0.1,uniform,1,vaguely-speak,77,73,1.85,53.8,0.477
13005,1,129,0,64,1,0.2,constant,1,openly-listen,77,73,1.85,53.8,0.458
13006,1,129,0,64,1,0.2,constant,1,vaguely-speak,77,73,1.85,53.8,0.458
13007,1,129,0,64,1,0.2,uniform,1,openly-listen,86.9,95,1.1,91,0.217
13008,1,129,0,64,1,0.2,uniform,1,vaguely-speak,100,99.6,1,100,0
13009,1,129,0,64,1,0.3,constant,1,openly-listen,100,99.6,1,100,0
13010,1,129,0,64,1,0.3,constant,1,vaguely-speak,100,99.6,1,100,0
13011,1,129,0,64,1,0.3,uniform,1,openly-listen,80.1,91.2,1.19,83.8,0.146
13012,1,129,0,64,1,0.3,uniform,1,vaguely-speak,100,99.6,1,100,0
13013,1,257,0,128,1,0.1,constant,1,openly-listen,54.3,57.4,3,33.1,0.445
13014,1,257,0,128,1,0.1,constant,1,vaguely-speak,54.3,57.4,3,33.1,0.445
13015,1,257,0,128,1,0.1,uniform,1,openly-listen,36.4,61.2,2.64,37.6,0.383
13016,1,257,0,128,1,0.1,uniform,1,vaguely-speak,76.9,71.3,1.95,51.1,0.465
13017,1,257,0,128,1,0.2,constant,1,openly-listen,76.9,70.6,1.99,50,0.383
13018,1,257,0,128,1,0.2,constant,1,vaguely-speak,76.9,70.6,1.99,50,0.383
13019,1,257,0,128,1,0.2,uniform,1,openly-listen,68.2,86.5,1.33,75.1,0.324
13020,1,257,0,128,1,0.2,uniform,1,vaguely-speak,100,99.8,1,100,0
13021,1,257,0,128,1,0.3,constant,1,openly-listen,100,99.8,1,100,0
13022,1,257,0,128,1,0.3,constant,1,vaguely-speak,100,99.8,1,100,0
13023,1,257,0,128,1,0.3,uniform,1,openly-listen,62.8,82.5,1.46,68.4,0.227
13024,1,257,0,128,1,0.3,uniform,1,vaguely-speak,100,99.8,1,100,0
13025,1,513,0,256,1,0.1,constant,1,openly-listen,62.3,57.9,2.97,33.6,0.457
13026,1,513,0,256,1,0.1,constant,1,vaguely-speak,62.3,57.9,2.97,33.6,0.457
13027,1,513,0,256,1,0.1,uniform,1,openly-listen,27.9,50.4,3.9,25.5,0.543
13028,1,513,0,256,1,0.1,uniform,1,vaguely-speak,55.4,59.2,2.83,35.2,0.425
13029,1,513,0,256,1,0.2,constant,1,openly-listen,100,99.9,1,100,0
13030,1,513,0,256,1,0.2,constant,1,vaguely-speak,100,99.9,1,100,0
13031,1,513,0,256,1,0.2,uniform,1,openly-listen,64.5,84.9,1.38,72.2,0.226
13032,1,513,0,256,1,0.2,uniform,1,vaguely-speak,100,99.9,1,100,0
13033,1,513,0,256,1,0.3,constant,1,openly-listen,100,99.9,1,100,0
13034,1,513,0,256,1,0.3,constant,1,vaguely-speak,100,99.9,1,100,0
13035,1,513,0,256,1,0.3,uniform,1,openly-listen,68.5,86.8,1.32,75.5,0.212
13036,1,513,0,256,1,0.3,uniform,1,vaguely-speak,100,99.9,1,100,0
13037,2,129,0,64,1,0.1,constant,1,openly-listen,55.8,59.9,2.73,36.2,0.5
13038,2,129,0,64,1,0.1,constant,1,vaguely-speak,55.8,59.9,2.73,36.2,0.5
13039,2,129,0,64,1,0.1,uniform,1,openly-listen,52.7,63.4,2.44,40.6,0.322
13040,2,129,0,64,1,0.1,uniform,1,vaguely-speak,55.2,59.1,2.8,35.2,0.479
13041,2,129,0,64,1,0.2,constant,1,openly-listen,74.6,69.9,2.01,49.3,0.442
13042,2,129,0,64,1,0.2,constant,1,vaguely-speak,74.6,69.9,2.01,49.3,0.442
13043,2,129,0,64,1,0.2,uniform,1,openly-listen,75.7,89.7,1.23,81.2,0.347
13044,2,129,0,64,1,0.2,uniform,1,vaguely-speak,100,99.6,1,100,0
13045,2,129,0,64,1,0.3,constant,1,openly-listen,100,99.6,1,100,0
13046,2,129,0,64,1,0.3,constant,1,vaguely-speak,100,99.6,1,100,0
13047,2,129,0,64,1,0.3,uniform,1,openly-listen,56.7,77.5,1.64,60.5,0.268
13048,2,129,0,64,1,0.3,uniform,1,vaguely-speak,100,99.6,1,100,0
13049,2,257,0,128,1,0.1,constant,1,openly-listen,42.9,49.8,3.97,24.9,0.476
13050,2,257,0,128,1,0.1,constant,1,vaguely-speak,42.9,49.8,3.97,24.9,0.476
13051,2,257,0,128,1,0.1,uniform,1,openly-listen,44.9,62.8,2.51,39.5,0.629
13052,2,257,0,128,1,0.1,uniform,1,vaguely-speak,64.5,57.8,2.96,33.5,0.408
13053,2,257,0,128,1,0.2,constant,1,openly-listen,76.9,70.8,1.98,50.3,0.395
13054,2,257,0,128,1,0.2,constant,1,vaguely-speak,76.9,70.8,1.98,50.3,0.395
13055,2,257,0,128,1,0.2,uniform,1,openly-listen,85.5,95.2,1.1,90.9,0.233
13056,2,257,0,128,1,0.2,uniform,1,vaguely-speak,100,99.8,1,100,0
13057,2,257,0,128,1,0.3,constant,1,openly-listen,100,99.8,1,100,0
13058,2,257,0,128,1,0.3,constant,1,vaguely-speak,100,99.8,1,100,0
13059,2,257,0,128,1,0.3,uniform,1,openly-listen,58,79.7,1.56,63.8,0.25
13060,2,257,0,128,1,0.3,uniform,1,vaguely-speak,100,99.8,1,100,0
13061,2,513,0,256,1,0.1,constant,1,openly-listen,42.1,50.6,3.87,25.7,0.477
13062,2,513,0,256,1,0.1,constant,1,vaguely-speak,42.1,50.6,3.87,25.7,0.477
13063,2,513,0,256,1,0.1,uniform,1,openly-listen,61.8,85,1.38,72.5,0.356
13064,2,513,0,256,1,0.1,uniform,1,vaguely-speak,54.5,58,2.96,33.7,0.438
13065,2,513,0,256,1,0.2,constant,1,openly-listen,76.9,71,1.97,50.6,0.419
13066,2,513,0,256,1,0.2,constant,1,vaguely-speak,76.9,71,1.97,50.6,0.419
13067,2,513,0,256,1,0.2,uniform,1,openly-listen,64.8,85.4,1.37,73.1,0.485
13068,2,513,0,256,1,0.2,uniform,1,vaguely-speak,100,99.9,1,100,0
13069,2,513,0,256,1,0.3,constant,1,openly-listen,100,99.9,1,100,0
13070,2,513,0,256,1,0.3,constant,1,vaguely-speak,100,99.9,1,100,0
13071,2,513,0,256,1,0.3,uniform,1,openly-listen,58.4,79.3,1.58,63.1,0.312
13072,2,513,0,256,1,0.3,uniform,1,vaguely-speak,100,99.9,1,100,0
13073,3,129,0,64,1,0.1,constant,1,openly-listen,54.9,58.2,2.88,34.2,0.42
13074,3,129,0,64,1,0.1,constant,1,vaguely-speak,54.9,58.2,2.88,34.2,0.42
13075,3,129,0,64,1,0.1,uniform,1,openly-listen,67.8,88.1,1.28,78.2,0.286
13076,3,129,0,64,1,0.1,uniform,1,vaguely-speak,77.5,76.8,1.67,59.4,0.443
13077,3,129,0,64,1,0.2,constant,1,openly-listen,100,99.6,1,100,0
13078,3,129,0,64,1,0.2,constant,1,vaguely-speak,100,99.6,1,100,0
13079,3,129,0,64,1,0.2,uniform,1,openly-listen,63.1,79.6,1.56,63.8,0.237
13080,3,129,0,64,1,0.2,uniform,1,vaguely-speak,100,99.6,1,100,0
13081,3,129,0,64,1,0.3,constant,1,openly-listen,100,99.6,1,100,0
13082,3,129,0,64,1,0.3,constant,1,vaguely-speak,100,99.6,1,100,0
13083,3,129,0,64,1,0.3,uniform,1,openly-listen,72.6,86.8,1.32,75.8,0.208
13084,3,129,0,64,1,0.3,uniform,1,vaguely-speak,100,99.6,1,100,0
13085,3,257,0,128,1,0.1,constant,1,openly-listen,56.6,50.1,3.92,25.2,0.422
13086,3,257,0,128,1,0.1,constant,1,vaguely-speak,56.6,50.1,3.92,25.2,0.422
13087,3,257,0,128,1,0.1,uniform,1,openly-listen,45.9,60.1,2.74,36.3,0.357
13088,3,257,0,128,1,0.1,uniform,1,vaguely-speak,77.2,75.3,1.75,57,0.42
13089,3,257,0,128,1,0.2,constant,1,openly-listen,100,99.8,1,100,0
13090,3,257,0,128,1,0.2,constant,1,vaguely-speak,100,99.8,1,100,0
13091,3,257,0,128,1,0.2,uniform,1,openly-listen,66.3,79.4,1.58,63.3,0.204
13092,3,257,0,128,1,0.2,uniform,1,vaguely-speak,100,99.8,1,100,0
13093,3,257,0,128,1,0.3,constant,1,openly-listen,100,99.8,1,100,0
13094,3,257,0,128,1,0.3,constant,1,vaguely-speak,100,99.8,1,100,0
13095,3,257,0,128,1,0.3,uniform,1,openly-listen,71.9,86.1,1.34,74.5,0.221
13096,3,257,0,128,1,0.3,uniform,1,vaguely-speak,100,99.8,1,100,0
13097,3,513,0,256,1,0.1,constant,1,openly-listen,41.8,52.1,3.65,27.2,0.451
13098,3,513,0,256,1,0.1,constant,1,vaguely-speak,41.8,52.1,3.65,27.2,0.451
13099,3,513,0,256,1,0.1,uniform,1,openly-listen,55.6,65.7,2.31,43.2,0.33
13100,3,513,0,256,1,0.1,uniform,1,vaguely-speak,54.5,57.9,2.97,33.6,0.441
13101,3,513,0,256,1,0.2,constant,1,openly-listen,76.9,70.8,1.99,50.2,0.399
13102,3,513,0,256,1,0.2,constant,1,vaguely-speak,76.9,70.8,1.99,50.2,0.399
13103,3,513,0,256,1,0.2,uniform,1,openly-listen,56.9,77.9,1.64,60.8,0.225
13104,3,513,0,256,1,0.2,uniform,1,vaguely-speak,100,99.9,1,100,0
13105,3,513,0,256,1,0.3,constant,1,openly-listen,100,99.9,1,100,0
13106,3,513,0,256,1,0.3,constant,1,vaguely-speak,100,99.9,1,100,0
13107,3,513,0,256,1,0.3,uniform,1,openly-listen,63.9,80.9,1.53,65.5,0.291
13108,3,513,0,256,1,0.3,uniform,1,vaguely-speak,100,99.9,1,100,0
13109,4,129,0,64,1,0.1,constant,1,openly-listen,64.5,57.2,2.99,33,0.496
13110,4,129,0,64,1,0.1,constant,1,vaguely-speak,64.5,57.2,2.99,33,0.496
13111,4,129,0,64,1,0.1,uniform,1,openly-listen,31.6,53,3.46,28.3,0.545
13112,4,129,0,64,1,0.1,uniform,1,vaguely-speak,55.3,58.6,2.85,34.6,0.509
13113,4,129,0,64,1,0.2,constant,1,openly-listen,76.9,70.2,2,49.7,0.451
13114,4,129,0,64,1,0.2,constant,1,vaguely-speak,76.9,70.2,2,49.7,0.451
13115,4,129,0,64,1,0.2,uniform,1,openly-listen,73.6,88.2,1.27,78.5,0.516
13116,4,129,0,64,1,0.2,uniform,1,vaguely-speak,100,99.6,1,100,0
13117,4,129,0,64,1,0.3,constant,1,openly-listen,100,99.6,1,100,0
13118,4,129,0,64,1,0.3,constant,1,vaguely-speak,100,99.6,1,100,0
13119,4,129,0,64,1,0.3,uniform,1,openly-listen,83.2,89.4,1.24,80.5,0.613
13120,4,129,0,64,1,0.3,uniform,1,vaguely-speak,100,99.6,1,100,0
13121,4,257,0,128,1,0.1,constant,1,openly-listen,51.7,57.4,3,33,0.469
13122,4,257,0,128,1,0.1,constant,1,vaguely-speak,51.7,57.4,3,33,0.469
13123,4,257,0,128,1,0.1,uniform,1,openly-listen,43.1,62.5,2.54,39.2,0.578
13124,4,257,0,128,1,0.1,uniform,1,vaguely-speak,76.9,71.1,1.96,50.7,0.474
13125,4,257,0,128,1,0.2,constant,1,openly-listen,76.9,71,1.97,50.6,0.398
13126,4,257,0,128,1,0.2,constant,1,vaguely-speak,76.9,71,1.97,50.6,0.398
13127,4,257,0,128,1,0.2,uniform,1,openly-listen,53.3,75.7,1.73,57.5,0.382
13128,4,257,0,128,1,0.2,uniform,1,vaguely-speak,100,99.8,1,100,0
13129,4,257,0,128,1,0.3,constant,1,openly-listen,100,99.8,1,100,0
13130,4,257,0,128,1,0.3,constant,1,vaguely-speak,100,99.8,1,100,0
13131,4,257,0,128,1,0.3,uniform,1,openly-listen,59.7,80.4,1.54,65,0.343
13132,4,257,0,128,1,0.3,uniform,1,vaguely-speak,100,99.8,1,100,0
13133,4,513,0,256,1,0.1,constant,1,openly-listen,55.2,59.5,2.81,35.5,0.482
13134,4,513,0,256,1,0.1,constant,1,vaguely-speak,55.2,59.5,2.81,35.5,0.482
13135,4,513,0,256,1,0.1,uniform,1,openly-listen,57,82.9,1.45,68.8,0.335
13136,4,513,0,256,1,0.1,uniform,1,vaguely-speak,76.9,70.7,1.99,50.1,0.503
13137,4,513,0,256,1,0.2,constant,1,openly-listen,76.9,70.7,2,50,0.436
13138,4,513,0,256,1,0.2,constant,1,vaguely-speak,76.9,70.7,2,50,0.436
13139,4,513,0,256,1,0.2,uniform,1,openly-listen,70.3,86.3,1.34,74.7,0.605
13140,4,513,0,256,1,0.2,uniform,1,vaguely-speak,100,99.9,1,100,0
13141,4,513,0,256,1,0.3,constant,1,openly-listen,100,99.9,1,100,0
13142,4,513,0,256,1,0.3,constant,1,vaguely-speak,100,99.9,1,100,0
13143,4,513,0,256,1,0.3,uniform,1,openly-listen,59.8,82.6,1.46,68.4,0.307
13144,4,513,0,256,1,0.3,uniform,1,vaguely-speak,100,99.9,1,100,0
13145,5,129,0,64,1,0.1,constant,1,openly-listen,29.8,45.1,4.73,20.5,0.476
13146,5,129,0,64,1,0.1,constant,1,vaguely-speak,29.8,45.1,4.73,20.5,0.476
13147,5,129,0,64,1,0.1,uniform,1,openly-listen,31.8,61.5,2.59,38.2,0.483
13148,5,129,0,64,1,0.1,uniform,1,vaguely-speak,74.2,69.8,2.02,49,0.513
13149,5,129,0,64,1,0.2,constant,1,openly-listen,76.9,70.3,1.99,49.8,0.416
13150,5,129,0,64,1,0.2,constant,1,vaguely-speak,76.9,70.3,1.99,49.8,0.416
13151,5,129,0,64,1,0.2,uniform,1,openly-listen,69.6,85.6,1.35,73.9,0.535
13152,5,129,0,64,1,0.2,uniform,1,vaguely-speak,100,99.6,1,100,0
13153,5,129,0,64,1,0.3,constant,1,openly-listen,100,99.6,1,100,0
13154,5,129,0,64,1,0.3,constant,1,vaguely-speak,100,99.6,1,100,0
13155,5,129,0,64,1,0.3,uniform,1,openly-listen,54,77.3,1.65,60.2,0.487
13156,5,129,0,64,1,0.3,uniform,1,vaguely-speak,100,99.6,1,100,0
13157,5,257,0,128,1,0.1,constant,1,openly-listen,47.4,51.9,3.66,27,0.465
13158,5,257,0,128,1,0.1,constant,1,vaguely-speak,47.4,51.9,3.66,27,0.465
13159,5,257,0,128,1,0.1,uniform,1,openly-listen,33.8,59.9,2.76,36,0.544
13160,5,257,0,128,1,0.1,uniform,1,vaguely-speak,75.3,70.5,2,49.9,0.505
13161,5,257,0,128,1,0.2,constant,1,openly-listen,76.9,70.5,1.99,49.9,0.403
13162,5,257,0,128,1,0.2,constant,1,vaguely-speak,76.9,70.5,1.99,49.9,0.403
13163,5,257,0,128,1,0.2,uniform,1,openly-listen,62,81.6,1.49,66.9,0.355
13164,5,257,0,128,1,0.2,uniform,1,vaguely-speak,100,99.8,1,100,0
13165,5,257,0,128,1,0.3,constant,1,openly-listen,100,99.8,1,100,0
13166,5,257,0,128,1,0.3,constant,1,vaguely-speak,100,99.8,1,100,0
13167,5,257,0,128,1,0.3,uniform,1,openly-listen,54.4,76.6,1.69,59,0.356
13168,5,257,0,128,1,0.3,uniform,1,vaguely-speak,100,99.8,1,100,0
13169,5,513,0,256,1,0.1,constant,1,openly-listen,62.4,57.3,3.03,32.9,0.477
13170,5,513,0,256,1,0.1,constant,1,vaguely-speak,62.4,57.3,3.03,32.9,0.477
13171,5,513,0,256,1,0.1,uniform,1,openly-listen,34.6,52.4,3.62,27.5,0.547
13172,5,513,0,256,1,0.1,uniform,1,vaguely-speak,76.9,71.6,1.94,51.4,0.501
13173,5,513,0,256,1,0.2,constant,1,openly-listen,76.9,70.7,1.99,50,0.414
13174,5,513,0,256,1,0.2,constant,1,vaguely-speak,76.9,70.7,1.99,50,0.414
13175,5,513,0,256,1,0.2,uniform,1,openly-listen,69.1,86.9,1.32,75.7,0.502
13176,5,513,0,256,1,0.2,uniform,1,vaguely-speak,100,99.9,1,100,0
13177,5,513,0,256,1,0.3,constant,1,openly-listen,100,99.9,1,100,0
13178,5,513,0,256,1,0.3,constant,1,vaguely-speak,100,99.9,1,100,0
13179,5,513,0,256,1,0.3,uniform,1,openly-listen,54.5,79.3,1.58,63.1,0.311
13180,5,513,0,256,1,0.3,uniform,1,vaguely-speak,100,99.9,1,100,0
13181,6,129,0,64,1,0.1,constant,1,openly-listen,43.8,49.2,4,24.4,0.432
13182,6,129,0,64,1,0.1,constant,1,vaguely-speak,43.8,49.2,4,24.4,0.432
13183,6,129,0,64,1,0.1,uniform,1,openly-listen,40.1,58.5,2.86,34.4,0.469
13184,6,129,0,64,1,0.1,uniform,1,vaguely-speak,63.2,66.1,2.25,44,0.404
13185,6,129,0,64,1,0.2,constant,1,openly-listen,76.9,70.4,1.99,50,0.393
13186,6,129,0,64,1,0.2,constant,1,vaguely-speak,76.9,70.4,1.99,50,0.393
13187,6,129,0,64,1,0.2,uniform,1,openly-listen,47.2,74.4,1.78,55.7,0.394
13188,6,129,0,64,1,0.2,uniform,1,vaguely-speak,100,99.6,1,100,0
13189,6,129,0,64,1,0.3,constant,1,openly-listen,100,99.6,1,100,0
13190,6,129,0,64,1,0.3,constant,1,vaguely-speak,100,99.6,1,100,0
13191,6,129,0,64,1,0.3,uniform,1,openly-listen,57.3,78.7,1.6,62.4,0.296
13192,6,129,0,64,1,0.3,uniform,1,vaguely-speak,100,99.6,1,100,0
13193,6,257,0,128,1,0.1,constant,1,openly-listen,54.8,58.3,2.91,34.1,0.438
13194,6,257,0,128,1,0.1,constant,1,vaguely-speak,54.8,58.3,2.91,34.1,0.438
13195,6,257,0,128,1,0.1,uniform,1,openly-listen,50.3,65.3,2.33,42.8,0.406
13196,6,257,0,128,1,0.1,uniform,1,vaguely-speak,76.9,72.9,1.87,53.4,0.437
13197,6,257,0,128,1,0.2,constant,1,openly-listen,76.9,70.9,1.97,50.4,0.407
13198,6,257,0,128,1,0.2,constant,1,vaguely-speak,76.9,70.9,1.97,50.4,0.407
13199,6,257,0,128,1,0.2,uniform,1,openly-listen,54.7,78.7,1.6,62.2,0.312
13200,6,257,0,128,1,0.2,uniform,1,vaguely-speak,100,99.8,1,100,0
13201,6,257,0,128,1,0.3,constant,1,openly-listen,100,99.8,1,100,0
13202,6,257,0,128,1,0.3,constant,1,vaguely-speak,100,99.8,1,100,0
13203,6,257,0,128,1,0.3,uniform,1,openly-listen,61.9,82.3,1.47,67.9,0.283
13204,6,257,0,128,1,0.3,uniform,1,vaguely-speak,100,99.8,1,100,0
13205,6,513,0,256,1,0.1,constant,1,openly-listen,54.4,57.8,2.98,33.5,0.466
13206,6,513,0,256,1,0.1,constant,1,vaguely-speak,54.4,57.8,2.98,33.5,0.466
13207,6,513,0,256,1,0.1,uniform,1,openly-listen,41.5,61.7,2.61,38.2,0.397
13208,6,513,0,256,1,0.1,uniform,1,vaguely-speak,76.9,72.8,1.88,53.2,0.504
13209,6,513,0,256,1,0.2,constant,1,openly-listen,76.9,70.6,2,50,0.424
13210,6,513,0,256,1,0.2,constant,1,vaguely-speak,76.9,70.6,2,50,0.424
13211,6,513,0,256,1,0.2,uniform,1,openly-listen,71.3,88.8,1.26,79.1,0.546
13212,6,513,0,256,1,0.2,uniform,1,vaguely-speak,100,99.9,1,100,0
13213,6,513,0,256,1,0.3,constant,1,openly-listen,100,99.9,1,100,0
13214,6,513,0,256,1,0.3,constant,1,vaguely-speak,100,99.9,1,100,0
13215,6,513,0,256,1,0.3,uniform,1,openly-listen,56.3,80.7,1.53,65.2,0.294
13216,6,513,0,256,1,0.3,uniform,1,vaguely-speak,100,99.9,1,100,0
13217,7,129,0,64,1,0.1,constant,1,openly-listen,48.4,50.5,3.81,25.7,0.48
13218,7,129,0,64,1,0.1,constant,1,vaguely-speak,48.4,50.5,3.81,25.7,0.48
13219,7,129,0,64,1,0.1,uniform,1,openly-listen,35.2,58.4,2.86,34.4,0.537
13220,7,129,0,64,1,0.1,uniform,1,vaguely-speak,76.9,70.4,1.99,50,0.473
13221,7,129,0,64,1,0.2,constant,1,openly-listen,76.9,70.2,2,49.7,0.404
13222,7,129,0,64,1,0.2,constant,1,vaguely-speak,76.9,70.2,2,49.7,0.404
13223,7,129,0,64,1,0.2,uniform,1,openly-listen,56,78.6,1.6,62.3,0.37
13224,7,129,0,64,1,0.2,uniform,1,vaguely-speak,100,99.6,1,100,0
13225,7,129,0,64,1,0.3,constant,1,openly-listen,100,99.6,1,100,0
13226,7,129,0,64,1,0.3,constant,1,vaguely-speak,100,99.6,1,100,0
13227,7,129,0,64,1,0.3,uniform,1,openly-listen,73.9,87.7,1.29,77.5,0.517
13228,7,129,0,64,1,0.3,uniform,1,vaguely-speak,100,99.6,1,100,0
13229,7,257,0,128,1,0.1,constant,1,openly-listen,53.6,58.5,2.89,34.3,0.466
13230,7,257,0,128,1,0.1,constant,1,vaguely-speak,53.6,58.5,2.89,34.3,0.466
13231,7,257,0,128,1,0.1,uniform,1,openly-listen,41,61.4,2.63,37.8,0.419
13232,7,257,0,128,1,0.1,uniform,1,vaguely-speak,76.9,70.9,1.97,50.4,0.423
13233,7,257,0,128,1,0.2,constant,1,openly-listen,76.9,70.5,2,49.9,0.367
13234,7,257,0,128,1,0.2,constant,1,vaguely-speak,76.9,70.5,2,49.9,0.367
13235,7,257,0,128,1,0.2,uniform,1,openly-listen,58.1,81.6,1.49,66.8,0.299
13236,7,257,0,128,1,0.2,uniform,1,vaguely-speak,100,99.8,1,100,0
13237,7,257,0,128,1,0.3,constant,1,openly-listen,100,99.8,1,100,0
13238,7,257,0,128,1,0.3,constant,1,vaguely-speak,100,99.8,1,100,0
13239,7,257,0,128,1,0.3,uniform,1,openly-listen,55.4,80.6,1.53,65.3,0.345
13240,7,257,0,128,1,0.3,uniform,1,vaguely-speak,100,99.8,1,100,0
13241,7,513,0,256,1,0.1,constant,1,openly-listen,38,52.4,3.62,27.5,0.476
13242,7,513,0,256,1,0.1,constant,1,vaguely-speak,38,52.4,3.62,27.5,0.476
13243,7,513,0,256,1,0.1,uniform,1,openly-listen,40.3,59.3,2.83,35.2,0.429
13244,7,513,0,256,1,0.1,uniform,1,vaguely-speak,58.3,62.3,2.56,38.9,0.44
13245,7,513,0,256,1,0.2,constant,1,openly-listen,76.9,70.9,1.98,50.4,0.415
13246,7,513,0,256,1,0.2,constant,1,vaguely-speak,76.9,70.9,1.98,50.4,0.415
13247,7,513,0,256,1,0.2,uniform,1,openly-listen,51.1,79.1,1.59,62.6,0.372
13248,7,513,0,256,1,0.2,uniform,1,vaguely-speak,100,99.9,1,100,0
13249,7,513,0,256,1,0.3,constant,1,openly-listen,100,99.9,1,100,0
13250,7,513,0,256,1,0.3,constant,1,vaguely-speak,100,99.9,1,100,0
13251,7,513,0,256,1,0.3,uniform,1,openly-listen,64.2,81.5,1.5,66.6,0.316
13252,7,513,0,256,1,0.3,uniform,1,vaguely-speak,100,99.9,1,100,0
13253,8,129,0,64,1,0.1,constant,1,openly-listen,46.1,51.2,3.71,26.4,0.458
13254,8,129,0,64,1,0.1,constant,1,vaguely-speak,46.1,51.2,3.71,26.4,0.458
13255,8,129,0,64,1,0.1,uniform,1,openly-listen,53.7,68.3,2.11,47,0.568
13256,8,129,0,64,1,0.1,uniform,1,vaguely-speak,77.1,74.4,1.78,55.7,0.469
13257,8,129,0,64,1,0.2,constant,1,openly-listen,100,99.6,1,100,0
13258,8,129,0,64,1,0.2,constant,1,vaguely-speak,100,99.6,1,100,0
13259,8,129,0,64,1,0.2,uniform,1,openly-listen,72.9,87.5,1.29,77.2,0.212
13260,8,129,0,64,1,0.2,uniform,1,vaguely-speak,100,99.6,1,100,0
13261,8,129,0,64,1,0.3,constant,1,openly-listen,100,99.6,1,100,0
13262,8,129,0,64,1,0.3,constant,1,vaguely-speak,100,99.6,1,100,0
13263,8,129,0,64,1,0.3,uniform,1,openly-listen,73.3,88.2,1.27,78.5,0.398
13264,8,129,0,64,1,0.3,uniform,1,vaguely-speak,100,99.6,1,100,0
13265,8,257,0,128,1,0.1,constant,1,openly-listen,36.7,50.1,3.93,25.2,0.428
13266,8,257,0,128,1,0.1,constant,1,vaguely-speak,36.7,50.1,3.93,25.2,0.428
13267,8,257,0,128,1,0.1,uniform,1,openly-listen,48,64.3,2.39,41.6,0.596
13268,8,257,0,128,1,0.1,uniform,1,vaguely-speak,76.9,70.9,1.97,50.5,0.39
13269,8,257,0,128,1,0.2,constant,1,openly-listen,100,99.8,1,100,0
13270,8,257,0,128,1,0.2,constant,1,vaguely-speak,100,99.8,1,100,0
13271,8,257,0,128,1,0.2,uniform,1,openly-listen,70.4,84.5,1.39,71.8,0.489
13272,8,257,0,128,1,0.2,uniform,1,vaguely-speak,100,99.8,1,100,0
13273,8,257,0,128,1,0.3,constant,1,openly-listen,100,99.8,1,100,0
13274,8,257,0,128,1,0.3,constant,1,vaguely-speak,100,99.8,1,100,0
13275,8,257,0,128,1,0.3,uniform,1,openly-listen,65.9,85.5,1.36,73.3,0.396
13276,8,257,0,128,1,0.3,uniform,1,vaguely-speak,100,99.8,1,100,0
13277,8,513,0,256,1,0.1,constant,1,openly-listen,34.9,49.7,4.01,24.8,0.45
13278,8,513,0,256,1,0.1,constant,1,vaguely-speak,34.9,49.7,4.01,24.8,0.45
13279,8,513,0,256,1,0.1,uniform,1,openly-listen,41.5,63.7,2.45,40.7,0.519
13280,8,513,0,256,1,0.1,uniform,1,vaguely-speak,76.9,72.1,1.92,52.1,0.406
13281,8,513,0,256,1,0.2,constant,1,openly-listen,76.9,70.6,2,50,0.369
13282,8,513,0,256,1,0.2,constant,1,vaguely-speak,76.9,70.6,2,50,0.369
13283,8,513,0,256,1,0.2,uniform,1,openly-listen,63.6,82.6,1.46,68.3,0.475
13284,8,513,0,256,1,0.2,uniform,1,vaguely-speak,100,99.9,1,100,0
13285,8,513,0,256,1,0.3,constant,1,openly-listen,100,99.9,1,100,0
13286,8,513,0,256,1,0.3,constant,1,vaguely-speak,100,99.9,1,100,0
13287,8,513,0,256,1,0.3,uniform,1,openly-listen,50.5,78.3,1.63,61.4,0.369
13288,8,513,0,256,1,0.3,uniform,1,vaguely-speak,100,99.9,1,100,0
13289,9,129,0,64,1,0.1,constant,1,openly-listen,55.5,58.9,2.82,35,0.506
13290,9,129,0,64,1,0.1,constant,1,vaguely-speak,55.5,58.9,2.82,35,0.506
13291,9,129,0,64,1,0.1,uniform,1,openly-listen,39.2,61.6,2.58,38.3,0.495
13292,9,129,0,64,1,0.1,uniform,1,vaguely-speak,57.3,63.8,2.41,41,0.496
13293,9,129,0,64,1,0.2,constant,1,openly-listen,76.9,70.3,1.99,49.8,0.451
13294,9,129,0,64,1,0.2,constant,1,vaguely-speak,76.9,70.3,1.99,49.8,0.451
13295,9,129,0,64,1,0.2,uniform,1,openly-listen,71.7,87.6,1.29,77.3,0.614
13296,9,129,0,64,1,0.2,uniform,1,vaguely-speak,100,99.6,1,100,0
13297,9,129,0,64,1,0.3,constant,1,openly-listen,100,99.6,1,100,0
13298,9,129,0,64,1,0.3,constant,1,vaguely-speak,100,99.6,1,100,0
13299,9,129,0,64,1,0.3,uniform,1,openly-listen,48,77.8,1.63,61.1,0.375
13300,9,129,0,64,1,0.3,uniform,1,vaguely-speak,100,99.6,1,100,0
13301,9,257,0,128,1,0.1,constant,1,openly-listen,56.8,60.6,2.69,36.9,0.48
13302,9,257,0,128,1,0.1,constant,1,vaguely-speak,56.8,60.6,2.69,36.9,0.48
13303,9,257,0,128,1,0.1,uniform,1,openly-listen,56,66.5,2.24,44.4,0.711
13304,9,257,0,128,1,0.1,uniform,1,vaguely-speak,56.1,60,2.75,36.1,0.433
13305,9,257,0,128,1,0.2,constant,1,openly-listen,76.9,71,1.97,50.6,0.429
13306,9,257,0,128,1,0.2,constant,1,vaguely-speak,76.9,71,1.97,50.6,0.429
13307,9,257,0,128,1,0.2,uniform,1,openly-listen,77.1,89,1.26,79.5,0.496
13308,9,257,0,128,1,0.2,uniform,1,vaguely-speak,100,99.8,1,100,0
13309,9,257,0,128,1,0.3,constant,1,openly-listen,100,99.8,1,100,0
13310,9,257,0,128,1,0.3,constant,1,vaguely-speak,100,99.8,1,100,0
13311,9,257,0,128,1,0.3,uniform,1,openly-listen,58.1,82.8,1.45,68.8,0.309
13312,9,257,0,128,1,0.3,uniform,1,vaguely-speak,100,99.8,1,100,0
13313,9,513,0,256,1,0.1,constant,1,openly-listen,45.4,52.1,3.65,27.2,0.448
13314,9,513,0,256,1,0.1,constant,1,vaguely-speak,45.4,52.1,3.65,27.2,0.448
13315,9,513,0,256,1,0.1,uniform,1,openly-listen,30.6,56.8,3.08,32.4,0.442
13316,9,513,0,256,1,0.1,uniform,1,vaguely-speak,55.1,59.2,2.83,35.2,0.408
13317,9,513,0,256,1,0.2,constant,1,openly-listen,76.9,70.8,1.99,50.2,0.389
13318,9,513,0,256,1,0.2,constant,1,vaguely-speak,76.9,70.8,1.99,50.2,0.389
13319,9,513,0,256,1,0.2,uniform,1,openly-listen,57,82,1.48,67.4,0.374
13320,9,513,0,256,1,0.2,uniform,1,vaguely-speak,100,99.9,1,100,0
13321,9,513,0,256,1,0.3,constant,1,openly-listen,100,99.9,1,100,0
13322,9,513,0,256,1,0.3,constant,1,vaguely-speak,100,99.9,1,100,0
13323,9,513,0,256,1,0.3,uniform,1,openly-listen,62.2,84.9,1.38,72.2,0.464
13324,9,513,0,256,1,0.3,uniform,1,vaguely-speak,100,99.9,1,100,0
13325,10,129,0,64,1,0.1,constant,1,openly-listen,56,60.3,2.7,36.6,0.481
13326,10,129,0,64,1,0.1,constant,1,vaguely-speak,56,60.3,2.7,36.6,0.481
13327,10,129,0,64,1,0.1,uniform,1,openly-listen,34.1,55.9,3.12,31.5,0.392
13328,10,129,0,64,1,0.1,uniform,1,vaguely-speak,54.4,57.4,2.96,33.2,0.436
13329,10,129,0,64,1,0.2,constant,1,openly-listen,76.9,70.2,2,49.6,0.421
13330,10,129,0,64,1,0.2,constant,1,vaguely-speak,76.9,70.2,2,49.6,0.421
13331,10,129,0,64,1,0.2,uniform,1,openly-listen,54.3,78.5,1.6,62.1,0.309
13332,10,129,0,64,1,0.2,uniform,1,vaguely-speak,100,99.6,1,100,0
13333,10,129,0,64,1,0.3,constant,1,openly-listen,100,99.6,1,100,0
13334,10,129,0,64,1,0.3,constant,1,vaguely-speak,100,99.6,1,100,0
13335,10,129,0,64,1,0.3,uniform,1,openly-listen,71.6,85.9,1.34,74.4,0.237
13336,10,129,0,64,1,0.3,uniform,1,vaguely-speak,100,99.6,1,100,0
13337,10,257,0,128,1,0.1,constant,1,openly-listen,55.6,50,3.94,25.1,0.474
13338,10,257,0,128,1,0.1,constant,1,vaguely-speak,55.6,50,3.94,25.1,0.474
13339,10,257,0,128,1,0.1,uniform,1,openly-listen,38.1,59.7,2.78,35.7,0.456
13340,10,257,0,128,1,0.1,uniform,1,vaguely-speak,76.9,72.4,1.89,52.6,0.499
13341,10,257,0,128,1,0.2,constant,1,openly-listen,76.9,70.9,1.97,50.5,0.431
13342,10,257,0,128,1,0.2,constant,1,vaguely-speak,76.9,70.9,1.97,50.5,0.431
13343,10,257,0,128,1,0.2,uniform,1,openly-listen,59.6,77.8,1.64,60.8,0.281
13344,10,257,0,128,1,0.2,uniform,1,vaguely-speak,100,99.8,1,100,0
13345,10,257,0,128,1,0.3,constant,1,openly-listen,100,99.8,1,100,0
13346,10,257,0,128,1,0.3,constant,1,vaguely-speak,100,99.8,1,100,0
13347,10,257,0,128,1,0.3,uniform,1,openly-listen,70.4,87.2,1.31,76.4,0.242
13348,10,257,0,128,1,0.3,uniform,1,vaguely-speak,100,99.8,1,100,0
13349,10,513,0,256,1,0.1,constant,1,openly-listen,34.6,48.5,4.22,23.5,0.474
13350,10,513,0,256,1,0.1,constant,1,vaguely-speak,34.6,48.5,4.22,23.5,0.474
13351,10,513,0,256,1,0.1,uniform,1,openly-listen,54.5,78.8,1.61,62.2,0.336
13352,10,513,0,256,1,0.1,uniform,1,vaguely-speak,55,58.7,2.88,34.6,0.462
13353,10,513,0,256,1,0.2,constant,1,openly-listen,76.9,70.7,1.99,50.1,0.429
13354,10,513,0,256,1,0.2,constant,1,vaguely-speak,76.9,70.7,1.99,50.1,0.429
13355,10,513,0,256,1,0.2,uniform,1,openly-listen,59.3,80.7,1.53,65.3,0.41
13356,10,513,0,256,1,0.2,uniform,1,vaguely-speak,100,99.9,1,100,0
13357,10,513,0,256,1,0.3,constant,1,openly-listen,100,99.9,1,100,0
13358,10,513,0,256,1,0.3,constant,1,vaguely-speak,100,99.9,1,100,0
13359,10,513,0,256,1,0.3,uniform,1,openly-listen,64,83.6,1.43,70,0.515
13360,10,513,0,256,1,0.3,uniform,1,vaguely-speak,100,99.9,1,100,0
