"search-number","evaluation","n-neis*","p-random*","p-speaking-level*","p-speaking-drawn*","boundary*","boundary-drawn*","mode*","tolerance-level*","tolerance-drawn*","conformity-level*","conformity-drawn*","network-change*","cut-links-randomly?*","create-links-randomly?*","min-comm-neis*","dissatisfied_updates_opinion*","id_threshold*","use_identity?*","use_opponents_ratio?*","identity_levels*","polarisation-each-n-steps*","polar_repeats*","centroids_change*","centroid_color?*","killing_centroids?*","d_threshold*","esbg_furthest_out*","n-agents*","opinions*","model*","rs*","set-seed?*","x-opinion*","y-opinion*","updating*","record-length*","record?*","max-ticks*","hk-benchmark?*","record-each-n-steps*","avoid-redundancies?*","num-replicates","best-fitness-so-far","recheck-replications","best-fitness-rechecked"
"101","7","61","0.15","0.59","""uniform""","0.09999999999999999","""uniform""","""openly-listen""","0.68","""uniform""","0.4","""uniform""","""link""","false","true","0","0.5","0.54","false","false","5","999","20","1.0E-5","false","true","0.8","5","129","2","""HK""","1","false","1","2","1","20","false","1000","false","10000","false","7","0.594","10","0.5175000000000001"
"101","154","61","0.15","0.59","""uniform""","0.09999999999999999","""uniform""","""openly-listen""","0.68","""uniform""","0.4","""uniform""","""link""","false","true","0","0.5","0.54","true","false","5","999","20","1.0E-5","false","true","0.8","5","129","2","""HK""","1","false","1","2","1","20","false","1000","false","10000","false","7","0.627","10","0.542"
"102","7","25","0.4","0.593","""uniform""","0.46","""uniform""","""openly-listen""","0.79","""uniform""","0.76","""uniform""","""link""","false","true","6","0.5","0.22","true","false","5","999","20","1.0E-5","false","true","0.8","5","129","2","""HK""","1","false","1","2","1","20","false","1000","false","10000","false","7","0.14200000000000002","10","0.1085"
"102","14","57","0.13","0.20600000000000002","""uniform""","0.2","""uniform""","""openly-listen""","0.33","""uniform""","0.060000000000000005","""uniform""","""link""","false","true","9","0.16","0.76","false","false","5","999","20","1.0E-5","false","true","0.8","5","129","2","""HK""","1","false","1","2","1","20","false","1000","false","10000","false","7","0.312","10","0.318"
"102","49","28","0.48","0.528","""uniform""","0.41000000000000003","""uniform""","""openly-listen""","0.18000000000000002","""uniform""","0.61","""uniform""","""link""","false","false","5","0.52","0.64","true","false","5","999","20","1.0E-5","false","true","0.8","5","129","2","""HK""","1","false","1","2","1","20","false","1000","false","10000","false","7","0.611","10","0.5415"
"102","175","35","0.25","0.983","""uniform""","0.16","""uniform""","""vaguely-speak""","0.56","""uniform""","0.29000000000000004","""uniform""","""link""","false","false","3","0.9500000000000001","0.37","true","false","5","999","20","1.0E-5","false","true","0.8","5","129","2","""HK""","1","false","1","2","1","20","false","1000","false","10000","false","7","0.672","10","0.001"
"103","7","45","0.26","0.36000000000000004","""uniform""","0.46","""uniform""","""vaguely-speak""","0.39","""uniform""","0.5","""uniform""","""link""","false","false","5","0.01","0.63","true","false","5","999","20","1.0E-5","false","true","0.8","5","129","2","""HK""","1","false","1","2","1","20","false","1000","false","10000","false","7","0.006","10","0.233"
"103","14","54","0.14","0.9660000000000001","""uniform""","0.09","""uniform""","""openly-listen""","0.72","""uniform""","0.6","""uniform""","""link""","false","false","8","0.33","0.42000000000000004","true","false","5","999","20","1.0E-5","false","true","0.8","5","129","2","""HK""","1","false","1","2","1","20","false","1000","false","10000","false","7","0.558","10","0.5315000000000001"
"103","21","30","0.41000000000000003","0.031","""uniform""","0.23","""uniform""","""vaguely-speak""","0.65","""uniform""","0.42000000000000004","""uniform""","""link""","false","false","6","0.71","0.72","true","false","5","999","20","1.0E-5","false","true","0.8","5","129","2","""HK""","1","false","1","2","1","20","false","1000","false","10000","false","7","0.591","10","0.594"
"103","147","34","0.13","0.996","""uniform""","0.23","""uniform""","""vaguely-speak""","0.7100000000000001","""uniform""","0.33","""uniform""","""link""","false","true","9","0.22","0.73","true","false","5","999","20","1.0E-5","false","true","0.8","5","129","2","""HK""","1","false","1","2","1","20","false","1000","false","10000","false","7","0.595","10","0.621"
"103","287","34","0.13","0.996","""uniform""","0.25","""uniform""","""vaguely-speak""","0.7100000000000001","""uniform""","0.33","""uniform""","""link""","false","true","9","0.22","0.73","true","false","5","999","20","1.0E-5","false","true","0.8","5","129","2","""HK""","1","false","1","2","1","20","false","1000","false","10000","false","7","0.6","10","0.5934999999999999"
"103","315","24","0.05","0.599","""uniform""","0.48000000000000004","""uniform""","""openly-listen""","0.93","""uniform""","0.54","""uniform""","""link""","false","false","8","0.71","0.59","true","false","5","999","20","1.0E-5","false","true","0.8","5","129","2","""HK""","1","false","1","2","1","20","false","1000","false","10000","false","7","0.621","10","0.5745"
"104","7","58","0.41000000000000003","0.28","""uniform""","0.04","""uniform""","""vaguely-speak""","0.4","""uniform""","0.21000000000000002","""uniform""","""link""","false","false","9","0.88","0.63","false","false","5","999","20","1.0E-5","false","true","0.8","5","129","2","""HK""","1","false","1","2","1","20","false","1000","false","10000","false","7","0.516","10","0.5005"
"104","35","48","0.4","0.34800000000000003","""uniform""","0.08","""uniform""","""openly-listen""","0.39","""uniform""","0.66","""uniform""","""link""","false","false","1","0.85","0.86","false","false","5","999","20","1.0E-5","false","true","0.8","5","129","2","""HK""","1","false","1","2","1","20","false","1000","false","10000","false","7","0.5740000000000001","10","0.5665"
"104","133","38","0.13","0.76","""uniform""","0.13","""uniform""","""vaguely-speak""","0.66","""uniform""","0.17","""uniform""","""link""","false","true","2","0.64","0.47","true","false","5","999","20","1.0E-5","false","true","0.8","5","129","2","""HK""","1","false","1","2","1","20","false","1000","false","10000","false","7","0.682","10","0.665"
"104","168","21","0.03","0.112","""uniform""","0.16","""uniform""","""vaguely-speak""","0.7000000000000001","""uniform""","0.34","""uniform""","""link""","false","false","9","0.86","0.47","true","false","5","999","20","1.0E-5","false","true","0.8","5","129","2","""HK""","1","false","1","2","1","20","false","1000","false","10000","false","7","0.723","10","0.725"
"104","315","21","0.03","0.112","""uniform""","0.16","""uniform""","""vaguely-speak""","0.54","""uniform""","0.34","""uniform""","""link""","false","false","9","0.86","0.47","true","false","5","999","20","1.0E-5","false","true","0.8","5","129","2","""HK""","1","false","1","2","1","20","false","1000","false","10000","false","7","0.746","10","0.6910000000000001"
"105","7","5","0.3","0.75","""uniform""","0.12","""uniform""","""vaguely-speak""","0.5700000000000001","""uniform""","0.21000000000000002","""uniform""","""link""","false","true","4","0.16","0.1","true","false","5","999","20","1.0E-5","false","true","0.8","5","129","2","""HK""","1","false","1","2","1","20","false","1000","false","10000","false","7","0.37","10","0.399"
"105","14","38","0.37","0.8420000000000001","""uniform""","0.14","""uniform""","""vaguely-speak""","0.43","""uniform""","0.03","""uniform""","""link""","false","true","4","0.92","0.31","true","false","5","999","20","1.0E-5","false","true","0.8","5","129","2","""HK""","1","false","1","2","1","20","false","1000","false","10000","false","7","0.43300000000000005","10","0.0445"
"105","21","61","0.04","0.639","""uniform""","0.01","""uniform""","""vaguely-speak""","0.52","""uniform""","0.85","""uniform""","""link""","false","false","2","0.6900000000000001","0.77","true","false","5","999","20","1.0E-5","false","true","0.8","5","129","2","""HK""","1","false","1","2","1","20","false","1000","false","10000","false","7","0.521","10","0.513"
"105","42","22","0","0.42400000000000004","""uniform""","0.11","""uniform""","""openly-listen""","0.97","""uniform""","0.81","""uniform""","""link""","false","false","6","0.8","0.59","true","false","5","999","20","1.0E-5","false","true","0.8","5","129","2","""HK""","1","false","1","2","1","20","false","1000","false","10000","false","7","0.556","10","0.5680000000000001"
"105","49","37","0.41000000000000003","0.35700000000000004","""uniform""","0.38","""uniform""","""vaguely-speak""","1.02","""uniform""","0.65","""uniform""","""link""","false","false","1","0.41000000000000003","0.65","true","false","5","999","20","1.0E-5","false","true","0.8","5","129","2","""HK""","1","false","1","2","1","20","false","1000","false","10000","false","7","0.597","10","0.5635"
"105","56","41","0.16","0.015","""uniform""","0.25","""uniform""","""openly-listen""","0.63","""uniform""","0.9600000000000001","""uniform""","""link""","false","false","4","0.72","0.71","true","false","5","999","20","1.0E-5","false","true","0.8","5","129","2","""HK""","1","false","1","2","1","20","false","1000","false","10000","false","7","0.62","10","0.5525"
"105","245","22","0","0.42400000000000004","""uniform""","0.11","""uniform""","""openly-listen""","0.97","""uniform""","0.8","""uniform""","""link""","false","false","6","0.97","0.59","true","false","5","999","20","1.0E-5","false","true","0.8","5","129","2","""HK""","1","false","1","2","1","20","false","1000","false","10000","false","7","0.634","10","0.56"
"106","7","47","0.5","0.522","""uniform""","0.16","""uniform""","""openly-listen""","0.32","""uniform""","0.79","""uniform""","""link""","false","false","1","0.93","0.84","false","false","5","999","20","1.0E-5","false","true","0.8","5","129","2","""HK""","1","false","1","2","1","20","false","1000","false","10000","false","7","0.212","10","0.268"
"106","28","5","0.41000000000000003","0.48600000000000004","""uniform""","0.01","""uniform""","""openly-listen""","0.48000000000000004","""uniform""","0.09","""uniform""","""link""","false","true","1","0.6900000000000001","0.65","true","false","5","999","20","1.0E-5","false","true","0.8","5","129","2","""HK""","1","false","1","2","1","20","false","1000","false","10000","false","7","0.508","10","0.5175000000000001"
"106","63","34","0.25","0.643","""uniform""","0.08","""uniform""","""openly-listen""","0.23","""uniform""","0.41000000000000003","""uniform""","""link""","false","true","7","0.66","0.51","true","false","5","999","20","1.0E-5","false","true","0.8","5","129","2","""HK""","1","false","1","2","1","20","false","1000","false","10000","false","7","0.538","10","0.4765"
"106","140","13","0.46","0.193","""uniform""","0.060000000000000005","""uniform""","""openly-listen""","0.92","""uniform""","0.5","""uniform""","""link""","false","false","6","0.62","0.75","false","false","5","999","20","1.0E-5","false","true","0.8","5","129","2","""HK""","1","false","1","2","1","20","false","1000","false","10000","false","7","0.543","10","0.5195000000000001"
"106","161","54","0.22","0.118","""uniform""","0.41000000000000003","""uniform""","""openly-listen""","0.45","""uniform""","0.24000000000000002","""uniform""","""link""","false","true","2","0.27","0.61","true","false","5","999","20","1.0E-5","false","true","0.8","5","129","2","""HK""","1","false","1","2","1","20","false","1000","false","10000","false","7","0.5529999999999999","10","0.5715"
"106","210","30","0.25","0.643","""uniform""","0.08","""uniform""","""openly-listen""","0.79","""uniform""","0.8","""uniform""","""link""","false","true","6","0.62","0.75","false","false","5","999","20","1.0E-5","false","true","0.8","5","129","2","""HK""","1","false","1","2","1","20","false","1000","false","10000","false","7","0.5720000000000001","10","0.5405"
"106","308","60","0.22","0.118","""uniform""","0.41000000000000003","""uniform""","""vaguely-speak""","0.45","""uniform""","0.24000000000000002","""uniform""","""link""","false","true","2","0.27","0.61","true","false","5","999","20","1.0E-5","false","true","0.8","5","129","2","""HK""","1","false","1","2","1","20","false","1000","false","10000","false","7","0.601","10","0"
"107","7","33","0.37","0.602","""uniform""","0.18000000000000002","""uniform""","""openly-listen""","0.25","""uniform""","1","""uniform""","""link""","false","true","7","0.98","0.51","false","false","5","999","20","1.0E-5","false","true","0.8","5","129","2","""HK""","1","false","1","2","1","20","false","1000","false","10000","false","7","0.209","10","0.248"
"107","21","51","0.26","0.531","""uniform""","0.16","""uniform""","""openly-listen""","0.02","""uniform""","0.88","""uniform""","""link""","false","true","0","0.27","0.43000000000000005","true","false","5","999","20","1.0E-5","false","true","0.8","5","129","2","""HK""","1","false","1","2","1","20","false","1000","false","10000","false","7","0.567","10","0.639"
"107","126","39","0.04","0.7130000000000001","""uniform""","0.17","""uniform""","""openly-listen""","0.17","""uniform""","0.45","""uniform""","""link""","false","true","0","0.61","0.72","true","false","5","999","20","1.0E-5","false","true","0.8","5","129","2","""HK""","1","false","1","2","1","20","false","1000","false","10000","false","7","0.598","10","0.517"
"107","140","33","0.43","0.35500000000000004","""uniform""","0.27","""uniform""","""vaguely-speak""","0.68","""uniform""","0.28","""uniform""","""link""","false","true","4","0.51","0.62","true","false","5","999","20","1.0E-5","false","true","0.8","5","129","2","""HK""","1","false","1","2","1","20","false","1000","false","10000","false","7","0.61","10","0.5834999999999999"
"107","182","46","0.21","0.983","""uniform""","0.41000000000000003","""uniform""","""openly-listen""","1.02","""uniform""","0.8300000000000001","""uniform""","""link""","false","true","4","0.28","0.64","true","false","5","999","20","1.0E-5","false","true","0.8","5","129","2","""HK""","1","false","1","2","1","20","false","1000","false","10000","false","7","0.654","10","0.607"
"108","7","29","0.05","0.318","""uniform""","0.13","""uniform""","""vaguely-speak""","0.43","""uniform""","0.37","""uniform""","""link""","false","false","7","0.77","0.94","false","false","5","999","20","1.0E-5","false","true","0.8","5","129","2","""HK""","1","false","1","2","1","20","false","1000","false","10000","false","7","0.489","10","0.579"
"108","21","35","0.28","0.037","""uniform""","0.29000000000000004","""uniform""","""vaguely-speak""","0.48000000000000004","""uniform""","0.9600000000000001","""uniform""","""link""","false","true","10","0.63","0.77","true","false","5","999","20","1.0E-5","false","true","0.8","5","129","2","""HK""","1","false","1","2","1","20","false","1000","false","10000","false","7","0.585","10","0.5985"
"108","28","57","0.5","0.607","""uniform""","0.22","""uniform""","""vaguely-speak""","0.36000000000000004","""uniform""","0.8","""uniform""","""link""","false","true","1","0.85","0.66","true","false","5","999","20","1.0E-5","false","true","0.8","5","129","2","""HK""","1","false","1","2","1","20","false","1000","false","10000","false","7","0.5920000000000001","10","0.5954999999999999"
"108","175","29","0.27","0.662","""uniform""","0.31","""uniform""","""openly-listen""","1.01","""uniform""","0.060000000000000005","""uniform""","""link""","false","false","7","0.93","0.47","true","false","5","999","20","1.0E-5","false","true","0.8","5","129","2","""HK""","1","false","1","2","1","20","false","1000","false","10000","false","7","0.6339999999999999","10","0.5269999999999999"
"109","7","61","0.39","0.158","""uniform""","0.35000000000000003","""uniform""","""vaguely-speak""","0.16","""uniform""","0.55","""uniform""","""link""","false","false","8","0.02","0.75","false","false","5","999","20","1.0E-5","false","true","0.8","5","129","2","""HK""","1","false","1","2","1","20","false","1000","false","10000","false","7","0","10","0"
"109","14","29","0.1","0.976","""uniform""","0.24000000000000002","""uniform""","""openly-listen""","1.01","""uniform""","0.12","""uniform""","""link""","false","false","8","0.13","0.7","false","false","5","999","20","1.0E-5","false","true","0.8","5","129","2","""HK""","1","false","1","2","1","20","false","1000","false","10000","false","7","0.131","10","0.162"
"109","21","7","0.22","0.8150000000000001","""uniform""","0.04","""uniform""","""openly-listen""","0.9400000000000001","""uniform""","0.11","""uniform""","""link""","false","true","4","0.12","0.38","false","false","5","999","20","1.0E-5","false","true","0.8","5","129","2","""HK""","1","false","1","2","1","20","false","1000","false","10000","false","7","0.525","10","0.5435"
"109","98","8","0.19","0.23500000000000001","""uniform""","0.17","""uniform""","""vaguely-speak""","0.28","""uniform""","0.55","""uniform""","""link""","false","false","8","0.73","0.66","true","false","5","999","20","1.0E-5","false","true","0.8","5","129","2","""HK""","1","false","1","2","1","20","false","1000","false","10000","false","7","0.606","10","0.5745"
"109","217","59","0.34","0.543","""uniform""","0.28","""uniform""","""openly-listen""","1.08","""uniform""","0.45","""uniform""","""link""","false","false","3","0.41000000000000003","0.49","true","false","5","999","20","1.0E-5","false","true","0.8","5","129","2","""HK""","1","false","1","2","1","20","false","1000","false","10000","false","7","0.623","10","0.653"
"109","224","59","0.34","0.47100000000000003","""uniform""","0.34","""uniform""","""openly-listen""","1.08","""uniform""","0.45","""uniform""","""link""","false","true","5","0.41000000000000003","0.49","true","false","5","999","20","1.0E-5","false","true","0.8","5","129","2","""HK""","1","false","1","2","1","20","false","1000","false","10000","false","7","0.723","10","0.7505"
"109","252","64","0.34","0.543","""uniform""","0.28","""uniform""","""openly-listen""","1.08","""uniform""","0.45","""uniform""","""link""","false","false","5","0.41000000000000003","0.49","true","false","5","999","20","1.0E-5","false","true","0.8","5","129","2","""HK""","1","false","1","2","1","20","false","1000","false","10000","false","7","0.756","10","0.812"
"109","322","59","0.34","0.543","""uniform""","0.33","""uniform""","""openly-listen""","1.08","""uniform""","0.45","""uniform""","""link""","false","false","3","0.41000000000000003","0.49","true","false","5","999","20","1.0E-5","false","true","0.8","5","129","2","""HK""","1","false","1","2","1","20","false","1000","false","10000","false","7","0.828","10","0.6395"
"110","7","22","0.24","0.934","""uniform""","0.09999999999999999","""uniform""","""vaguely-speak""","0.8200000000000001","""uniform""","0.42000000000000004","""uniform""","""link""","false","true","5","0.76","0.89","true","false","5","999","20","1.0E-5","false","true","0.8","5","129","2","""HK""","1","false","1","2","1","20","false","1000","false","10000","false","7","0.527","10","0.5245"
"110","112","20","0.44","0.317","""uniform""","0.3","""uniform""","""openly-listen""","0.54","""uniform""","0.97","""uniform""","""link""","false","true","5","0.67","0.48","true","false","5","999","20","1.0E-5","false","true","0.8","5","129","2","""HK""","1","false","1","2","1","20","false","1000","false","10000","false","7","0.5429999999999999","10","0.6905"
"110","161","20","0.44","0.317","""uniform""","0.3","""uniform""","""openly-listen""","0.54","""uniform""","0.97","""uniform""","""link""","false","false","5","0.67","0.48","true","false","5","999","20","1.0E-5","false","true","0.8","5","129","2","""HK""","1","false","1","2","1","20","false","1000","false","10000","false","7","0.6659999999999999","10","0.6114999999999999"
"110","301","20","0.44","0.317","""uniform""","0.3","""uniform""","""openly-listen""","0.54","""uniform""","0.97","""uniform""","""link""","false","false","7","0.67","0.48","true","false","5","999","20","1.0E-5","false","true","0.8","5","129","2","""HK""","1","false","1","2","1","20","false","1000","false","10000","false","7","0.8520000000000001","10","0.6924999999999999"
"111","7","32","0.16","0.9420000000000001","""uniform""","0.43","""uniform""","""openly-listen""","1.08","""uniform""","0.06999999999999999","""uniform""","""link""","false","true","8","0.84","0.72","true","false","5","999","20","1.0E-5","false","true","0.8","5","129","2","""HK""","1","false","1","2","1","20","false","1000","false","10000","false","7","0.632","10","0.5455"
"111","126","34","0.27","0.14800000000000002","""uniform""","0.45","""uniform""","""openly-listen""","0.8300000000000001","""uniform""","0.45","""uniform""","""link""","false","false","5","0.85","0.45000000000000007","true","false","5","999","20","1.0E-5","false","true","0.8","5","129","2","""HK""","1","false","1","2","1","20","false","1000","false","10000","false","7","0.737","10","0.052"
"112","7","21","0.31","0.224","""uniform""","0.33","""uniform""","""vaguely-speak""","0.86","""uniform""","0.15000000000000002","""uniform""","""link""","false","true","0","0.02","0.74","false","false","5","999","20","1.0E-5","false","true","0.8","5","129","2","""HK""","1","false","1","2","1","20","false","1000","false","10000","false","7","0.001","10","0.003"
"112","14","24","0.48","0.171","""uniform""","0.5","""uniform""","""vaguely-speak""","0.15000000000000002","""uniform""","0.09999999999999999","""uniform""","""link""","false","true","3","0.13","0.65","false","false","5","999","20","1.0E-5","false","true","0.8","5","129","2","""HK""","1","false","1","2","1","20","false","1000","false","10000","false","7","0.003","10","0.002"
"112","21","62","0.02","0.726","""uniform""","0.32","""uniform""","""openly-listen""","0.89","""uniform""","0.38","""uniform""","""link""","false","true","1","0.39","0.61","false","false","5","999","20","1.0E-5","false","true","0.8","5","129","2","""HK""","1","false","1","2","1","20","false","1000","false","10000","false","7","0.091","10","0.0875"
"112","28","5","0.34","0.9560000000000001","""uniform""","0.09999999999999999","""uniform""","""vaguely-speak""","0.92","""uniform""","0.53","""uniform""","""link""","false","true","9","0.13","0.32","false","false","5","999","20","1.0E-5","false","true","0.8","5","129","2","""HK""","1","false","1","2","1","20","false","1000","false","10000","false","7","0.521","10","0.555"
"112","63","16","0.03","0.019000000000000003","""uniform""","0.19","""uniform""","""openly-listen""","0.61","""uniform""","0.91","""uniform""","""link""","false","false","5","0.18","0.71","true","false","5","999","20","1.0E-5","false","true","0.8","5","129","2","""HK""","1","false","1","2","1","20","false","1000","false","10000","false","7","0.655","10","0.5555000000000001"
"113","7","3","0.18","0.302","""uniform""","0.27","""uniform""","""openly-listen""","0.85","""uniform""","0.17","""uniform""","""link""","false","false","0","0.74","0.69","true","false","5","999","20","1.0E-5","false","true","0.8","5","129","2","""HK""","1","false","1","2","1","20","false","1000","false","10000","false","7","0.532","10","0.5105"
"113","91","48","0.03","0.928","""uniform""","0.09","""uniform""","""vaguely-speak""","0.39","""uniform""","0.9600000000000001","""uniform""","""link""","false","true","2","0.1","0.54","false","false","5","999","20","1.0E-5","false","true","0.8","5","129","2","""HK""","1","false","1","2","1","20","false","1000","false","10000","false","7","0.534","10","0.5235000000000001"
"113","98","22","0.25","0.014","""uniform""","0.16","""uniform""","""vaguely-speak""","0.6","""uniform""","0.72","""uniform""","""link""","false","true","0","0.68","0.52","true","false","5","999","20","1.0E-5","false","true","0.8","5","129","2","""HK""","1","false","1","2","1","20","false","1000","false","10000","false","7","0.586","10","0.598"
"113","154","22","0.25","0.21100000000000002","""uniform""","0.16","""uniform""","""vaguely-speak""","0.6","""uniform""","0.72","""uniform""","""link""","false","true","0","0.68","0.52","true","false","5","999","20","1.0E-5","false","true","0.8","5","129","2","""HK""","1","false","1","2","1","20","false","1000","false","10000","false","7","0.613","10","0.518"
"114","7","27","0.46","0.862","""uniform""","0.09999999999999999","""uniform""","""openly-listen""","0.5700000000000001","""uniform""","0.88","""uniform""","""link""","false","true","2","0.43","0.6","false","false","5","999","20","1.0E-5","false","true","0.8","5","129","2","""HK""","1","false","1","2","1","20","false","1000","false","10000","false","7","0.502","10","0.46799999999999997"
"114","14","15","0.34","0.364","""uniform""","0.05","""uniform""","""vaguely-speak""","0.15000000000000002","""uniform""","0.11","""uniform""","""link""","false","false","6","1","0.5700000000000001","true","false","5","999","20","1.0E-5","false","true","0.8","5","129","2","""HK""","1","false","1","2","1","20","false","1000","false","10000","false","7","0.503","10","0.5299999999999999"
"114","91","41","0.46","0.29500000000000004","""uniform""","0.08","""uniform""","""vaguely-speak""","0.65","""uniform""","0.05","""uniform""","""link""","false","true","4","0.37","0.38","true","false","5","999","20","1.0E-5","false","true","0.8","5","129","2","""HK""","1","false","1","2","1","20","false","1000","false","10000","false","7","0.563","10","0.5225"
"114","189","22","0.1","0.871","""uniform""","0.08","""uniform""","""openly-listen""","1.08","""uniform""","0.5800000000000001","""uniform""","""link""","false","false","10","0.09","0.23","false","false","5","999","20","1.0E-5","false","true","0.8","5","129","2","""HK""","1","false","1","2","1","20","false","1000","false","10000","false","7","0.577","10","0.526"
"115","7","55","0.21","0.604","""uniform""","0.19","""uniform""","""openly-listen""","0.73","""uniform""","0.32","""uniform""","""link""","false","false","9","0.62","0.38","false","false","5","999","20","1.0E-5","false","true","0.8","5","129","2","""HK""","1","false","1","2","1","20","false","1000","false","10000","false","7","0.18","10","0.193"
"115","35","46","0.16","0.624","""uniform""","0.46","""uniform""","""openly-listen""","0.92","""uniform""","0.16","""uniform""","""link""","false","true","6","0.12","0.4","true","false","5","999","20","1.0E-5","false","true","0.8","5","129","2","""HK""","1","false","1","2","1","20","false","1000","false","10000","false","7","0.55","10","0.1005"
"115","56","41","0.09","0.04","""uniform""","0.32","""uniform""","""vaguely-speak""","0.15000000000000002","""uniform""","0.16","""uniform""","""link""","false","false","0","0.53","0.75","true","false","5","999","20","1.0E-5","false","true","0.8","5","129","2","""HK""","1","false","1","2","1","20","false","1000","false","10000","false","7","0.564","10","0.593"
"115","63","6","0.35000000000000003","0.194","""uniform""","0.24000000000000002","""uniform""","""openly-listen""","0.56","""uniform""","0.37","""uniform""","""link""","false","false","2","0.16","0.83","true","false","5","999","20","1.0E-5","false","true","0.8","5","129","2","""HK""","1","false","1","2","1","20","false","1000","false","10000","false","7","0.573","10","0.5375000000000001"
"115","273","6","0.35000000000000003","0.194","""uniform""","0.24000000000000002","""uniform""","""openly-listen""","0.56","""uniform""","0.37","""uniform""","""link""","false","false","2","0.18","0.83","true","false","5","999","20","1.0E-5","false","true","0.8","5","129","2","""HK""","1","false","1","2","1","20","false","1000","false","10000","false","7","0.577","10","0.5525"
"115","336","11","0.35000000000000003","0.194","""uniform""","0.24000000000000002","""uniform""","""openly-listen""","0.56","""uniform""","0.37","""uniform""","""link""","false","false","2","0.2","0.83","true","false","5","999","20","1.0E-5","false","true","0.8","5","129","2","""HK""","1","false","1","2","1","20","false","1000","false","10000","false","7","0.664","10","0.581"
"116","7","19","0.2","0.89","""uniform""","0.38","""uniform""","""openly-listen""","0.09999999999999999","""uniform""","0.87","""uniform""","""link""","false","false","7","0.88","0.21000000000000002","true","false","5","999","20","1.0E-5","false","true","0.8","5","129","2","""HK""","1","false","1","2","1","20","false","1000","false","10000","false","7","0.11199999999999999","10","0.0955"
"116","14","63","0.2","0.074","""uniform""","0.28","""uniform""","""openly-listen""","0.9","""uniform""","0.6900000000000001","""uniform""","""link""","false","false","6","0.17","0.73","false","false","5","999","20","1.0E-5","false","true","0.8","5","129","2","""HK""","1","false","1","2","1","20","false","1000","false","10000","false","7","0.166","10","0.1635"
"116","21","6","0.12","0.433","""uniform""","0.19","""uniform""","""openly-listen""","0.18000000000000002","""uniform""","0.7100000000000001","""uniform""","""link""","false","true","9","0.09","0.25","false","false","5","999","20","1.0E-5","false","true","0.8","5","129","2","""HK""","1","false","1","2","1","20","false","1000","false","10000","false","7","0.246","10","0.2705"
"116","28","59","0.21","0.438","""uniform""","0.14","""uniform""","""openly-listen""","0.09999999999999999","""uniform""","0.06999999999999999","""uniform""","""link""","false","false","6","0.6900000000000001","0.71","true","false","5","999","20","1.0E-5","false","true","0.8","5","129","2","""HK""","1","false","1","2","1","20","false","1000","false","10000","false","7","0.51","10","0.5425"
"116","42","52","0.32","0.31","""uniform""","0.32","""uniform""","""openly-listen""","1.08","""uniform""","0.56","""uniform""","""link""","false","true","6","0.91","0.64","true","false","5","999","20","1.0E-5","false","true","0.8","5","129","2","""HK""","1","false","1","2","1","20","false","1000","false","10000","false","7","0.573","10","0.609"
"116","84","45","0.16","0.667","""uniform""","0.12","""uniform""","""vaguely-speak""","1.03","""uniform""","0.42000000000000004","""uniform""","""link""","false","true","4","0.56","0.43000000000000005","true","false","5","999","20","1.0E-5","false","true","0.8","5","129","2","""HK""","1","false","1","2","1","20","false","1000","false","10000","false","7","0.585","10","0.5920000000000001"
"116","133","56","0.43","0.459","""uniform""","0.23","""uniform""","""vaguely-speak""","0.8400000000000001","""uniform""","0.25","""uniform""","""link""","false","true","6","0.54","0.83","true","false","5","999","20","1.0E-5","false","true","0.8","5","129","2","""HK""","1","false","1","2","1","20","false","1000","false","10000","false","7","0.589","10","0.5605"
"116","259","45","0.07","0.667","""uniform""","0.23","""uniform""","""vaguely-speak""","0.8400000000000001","""uniform""","0.25","""uniform""","""link""","false","true","6","0.54","0.83","true","false","5","999","20","1.0E-5","false","true","0.8","5","129","2","""HK""","1","false","1","2","1","20","false","1000","false","10000","false","7","0.592","10","0.563"
"116","266","60","0.43","0.459","""uniform""","0.23","""uniform""","""vaguely-speak""","0.8400000000000001","""uniform""","0.25","""uniform""","""link""","false","true","6","0.54","0.83","true","false","5","999","20","1.0E-5","false","true","0.8","5","129","2","""HK""","1","false","1","2","1","20","false","1000","false","10000","false","7","0.597","10","0.5815"
"117","7","63","0.33","0.34500000000000003","""uniform""","0.03","""uniform""","""vaguely-speak""","0.32","""uniform""","0.78","""uniform""","""link""","false","true","10","0.71","0.12000000000000001","false","false","5","999","20","1.0E-5","false","true","0.8","5","129","2","""HK""","1","false","1","2","1","20","false","1000","false","10000","false","7","0.514","10","0.5185"
"117","14","4","0.48","0.271","""uniform""","0.2","""uniform""","""openly-listen""","0.93","""uniform""","0.88","""uniform""","""link""","false","false","6","0.33","0.9","true","false","5","999","20","1.0E-5","false","true","0.8","5","129","2","""HK""","1","false","1","2","1","20","false","1000","false","10000","false","7","0.517","10","0.547"
"117","42","26","0.3","0.846","""uniform""","0.06999999999999999","""uniform""","""vaguely-speak""","0.79","""uniform""","0.72","""uniform""","""link""","false","true","9","0.66","0.37","false","false","5","999","20","1.0E-5","false","true","0.8","5","129","2","""HK""","1","false","1","2","1","20","false","1000","false","10000","false","7","0.532","10","0.531"
"117","56","40","0.32","0.48800000000000004","""uniform""","0.33","""uniform""","""openly-listen""","0.75","""uniform""","0.48000000000000004","""uniform""","""link""","false","false","2","0.9","0.45000000000000007","true","false","5","999","20","1.0E-5","false","true","0.8","5","129","2","""HK""","1","false","1","2","1","20","false","1000","false","10000","false","7","0.726","10","0.34400000000000003"
"118","7","36","0.28","0.905","""uniform""","0.16","""uniform""","""openly-listen""","1.09","""uniform""","0.24000000000000002","""uniform""","""link""","false","true","2","0.03","0.63","false","false","5","999","20","1.0E-5","false","true","0.8","5","129","2","""HK""","1","false","1","2","1","20","false","1000","false","10000","false","7","0.288","10","0.217"
"118","14","33","0.21","0.659","""uniform""","0.04","""uniform""","""vaguely-speak""","0.48000000000000004","""uniform""","0.87","""uniform""","""link""","false","false","6","0.4","0.30000000000000004","true","false","5","999","20","1.0E-5","false","true","0.8","5","129","2","""HK""","1","false","1","2","1","20","false","1000","false","10000","false","7","0.507","10","0.5075000000000001"
"118","35","37","0.2","0.299","""uniform""","0.12","""uniform""","""vaguely-speak""","0.09999999999999999","""uniform""","1","""uniform""","""link""","false","false","0","0.58","0.71","false","false","5","999","20","1.0E-5","false","true","0.8","5","129","2","""HK""","1","false","1","2","1","20","false","1000","false","10000","false","7","0.565","10","0.521"
"118","112","17","0.01","0.203","""uniform""","0.33","""uniform""","""vaguely-speak""","0.59","""uniform""","0.8200000000000001","""uniform""","""link""","false","false","10","0.8300000000000001","0.8","true","false","5","999","20","1.0E-5","false","true","0.8","5","129","2","""HK""","1","false","1","2","1","20","false","1000","false","10000","false","7","0.5690000000000001","10","0.5814999999999999"
"118","217","60","0.45","0.773","""uniform""","0.28","""uniform""","""openly-listen""","0.46","""uniform""","0.01","""uniform""","""link""","false","true","10","1","0.42000000000000004","true","false","5","999","20","1.0E-5","false","true","0.8","5","129","2","""HK""","1","false","1","2","1","20","false","1000","false","10000","false","7","0.571","10","0.497"
"118","231","17","0","0.203","""uniform""","0.33","""uniform""","""vaguely-speak""","0.59","""uniform""","0.8200000000000001","""uniform""","""link""","false","false","10","0.8300000000000001","0.8","true","false","5","999","20","1.0E-5","false","true","0.8","5","129","2","""HK""","1","false","1","2","1","20","false","1000","false","10000","false","7","0.585","10","0.5609999999999999"
"119","7","42","0.25","0.379","""uniform""","0.13","""uniform""","""openly-listen""","0.6900000000000001","""uniform""","0.72","""uniform""","""link""","false","true","6","0.44","0.59","false","false","5","999","20","1.0E-5","false","true","0.8","5","129","2","""HK""","1","false","1","2","1","20","false","1000","false","10000","false","7","0.556","10","0.404"
"119","42","60","0.24","0.735","""uniform""","0.13","""uniform""","""vaguely-speak""","0.27","""uniform""","0.08","""uniform""","""link""","false","true","10","0.67","0.11","true","false","5","999","20","1.0E-5","false","true","0.8","5","129","2","""HK""","1","false","1","2","1","20","false","1000","false","10000","false","7","0.689","10","0.5755000000000001"
"120","7","31","0.13","0.47700000000000004","""uniform""","0.16","""uniform""","""vaguely-speak""","0.17","""uniform""","0.39","""uniform""","""link""","false","true","0","0.78","0.94","false","false","5","999","20","1.0E-5","false","true","0.8","5","129","2","""HK""","1","false","1","2","1","20","false","1000","false","10000","false","7","0","10","0.0015"
"120","21","10","0.34","0.529","""uniform""","0.19","""uniform""","""openly-listen""","0.98","""uniform""","0.09","""uniform""","""link""","false","true","3","0.39","0.49","false","false","5","999","20","1.0E-5","false","true","0.8","5","129","2","""HK""","1","false","1","2","1","20","false","1000","false","10000","false","7","0.184","10","0.21199999999999997"
"120","28","10","0.42","0.995","""uniform""","0.02","""uniform""","""openly-listen""","0.9400000000000001","""uniform""","0.93","""uniform""","""link""","false","false","4","0.13","0.5","false","false","5","999","20","1.0E-5","false","true","0.8","5","129","2","""HK""","1","false","1","2","1","20","false","1000","false","10000","false","7","0.524","10","0.5145"
"120","63","48","0.14","0.196","""uniform""","0.33","""uniform""","""vaguely-speak""","0.55","""uniform""","0.67","""uniform""","""link""","false","true","9","0.32","0.8099999999999999","true","false","5","999","20","1.0E-5","false","true","0.8","5","129","2","""HK""","1","false","1","2","1","20","false","1000","false","10000","false","7","0.5730000000000001","10","0.6005"
"120","70","59","0.22","0.5850000000000001","""uniform""","0.25","""uniform""","""openly-listen""","0.54","""uniform""","0.21000000000000002","""uniform""","""link""","false","true","8","0.77","0.73","true","false","5","999","20","1.0E-5","false","true","0.8","5","129","2","""HK""","1","false","1","2","1","20","false","1000","false","10000","false","7","0.629","10","0.5865"
"120","98","55","0.47000000000000003","0.18000000000000002","""uniform""","0.42000000000000004","""uniform""","""vaguely-speak""","0.78","""uniform""","0.45","""uniform""","""link""","false","true","8","0.91","0.69","true","false","5","999","20","1.0E-5","false","true","0.8","5","129","2","""HK""","1","false","1","2","1","20","false","1000","false","10000","false","7","0.63","10","0.629"
"120","203","45","0.14","0.46900000000000003","""uniform""","0.18000000000000002","""uniform""","""openly-listen""","0.13","""uniform""","0.9400000000000001","""uniform""","""link""","false","true","0","0.8","0.39","true","false","5","999","20","1.0E-5","false","true","0.8","5","129","2","""HK""","1","false","1","2","1","20","false","1000","false","10000","false","7","0.6739999999999999","10","0.158"
"121","7","56","0.26","0.063","""uniform""","0.27","""uniform""","""openly-listen""","0.93","""uniform""","0.5700000000000001","""uniform""","""link""","false","true","0","0.2","0.78","true","false","5","999","20","1.0E-5","false","true","0.8","5","129","2","""HK""","1","false","1","2","1","20","false","1000","false","10000","false","7","0.666","10","0.608"
"122","7","36","0.39","0.652","""uniform""","0.24000000000000002","""uniform""","""vaguely-speak""","0.9600000000000001","""uniform""","0.6900000000000001","""uniform""","""link""","false","false","7","0.64","0.64","false","false","5","999","20","1.0E-5","false","true","0.8","5","129","2","""HK""","1","false","1","2","1","20","false","1000","false","10000","false","7","0","10","0"
"122","21","58","0.01","0.651","""uniform""","0.22","""uniform""","""vaguely-speak""","0.46","""uniform""","0.65","""uniform""","""link""","false","true","4","0.06","0.94","true","false","5","999","20","1.0E-5","false","true","0.8","5","129","2","""HK""","1","false","1","2","1","20","false","1000","false","10000","false","7","0.506","10","0.533"
"122","63","28","0.05","0.46900000000000003","""uniform""","0.06999999999999999","""uniform""","""vaguely-speak""","0.56","""uniform""","0.74","""uniform""","""link""","false","false","10","0.86","0.8","false","false","5","999","20","1.0E-5","false","true","0.8","5","129","2","""HK""","1","false","1","2","1","20","false","1000","false","10000","false","7","0.5489999999999999","10","0.5225"
"122","84","30","0.01","0.323","""uniform""","0.41000000000000003","""uniform""","""openly-listen""","0.89","""uniform""","0.34","""uniform""","""link""","false","true","6","0.51","0.9","true","false","5","999","20","1.0E-5","false","true","0.8","5","129","2","""HK""","1","false","1","2","1","20","false","1000","false","10000","false","7","0.5720000000000001","10","0.538"
"122","105","59","0.21","0.24000000000000002","""uniform""","0.27","""uniform""","""openly-listen""","0.44","""uniform""","0.87","""uniform""","""link""","false","true","10","0.1","0.76","true","false","5","999","20","1.0E-5","false","true","0.8","5","129","2","""HK""","1","false","1","2","1","20","false","1000","false","10000","false","7","0.596","10","0.583"
"122","308","51","0.23","0.859","""uniform""","0.18000000000000002","""uniform""","""openly-listen""","1.05","""uniform""","0.9500000000000001","""uniform""","""link""","false","false","7","0","0.76","true","false","5","999","20","1.0E-5","false","true","0.8","5","129","2","""HK""","1","false","1","2","1","20","false","1000","false","10000","false","7","0.606","10","0.579"
"122","322","59","0.21","0.24000000000000002","""uniform""","0.27","""uniform""","""openly-listen""","0.44","""uniform""","0.87","""uniform""","""link""","false","true","9","0.1","0.76","true","false","5","999","20","1.0E-5","false","true","0.8","5","129","2","""HK""","1","false","1","2","1","20","false","1000","false","10000","false","7","0.618","10","0.556"
"123","7","2","0.08","0.253","""uniform""","0.44","""uniform""","""vaguely-speak""","0.63","""uniform""","0.35000000000000003","""uniform""","""link""","false","true","6","0.04","0.1","true","false","5","999","20","1.0E-5","false","true","0.8","5","129","2","""HK""","1","false","1","2","1","20","false","1000","false","10000","false","7","0.001","10","0.001"
"123","14","22","0.07","0.437","""uniform""","0.38","""uniform""","""openly-listen""","0.01","""uniform""","0.19","""uniform""","""link""","false","true","8","0.44","0.62","true","false","5","999","20","1.0E-5","false","true","0.8","5","129","2","""HK""","1","false","1","2","1","20","false","1000","false","10000","false","7","0.45699999999999996","10","0.512"
"123","21","19","0.3","0.528","""uniform""","0.11","""uniform""","""vaguely-speak""","1.1","""uniform""","0.01","""uniform""","""link""","false","true","4","0.22","0.63","false","false","5","999","20","1.0E-5","false","true","0.8","5","129","2","""HK""","1","false","1","2","1","20","false","1000","false","10000","false","7","0.514","10","0.5055000000000001"
"123","28","53","0.26","0.889","""uniform""","0.03","""uniform""","""openly-listen""","0.6","""uniform""","0.09","""uniform""","""link""","false","true","4","0.33","0.48","false","false","5","999","20","1.0E-5","false","true","0.8","5","129","2","""HK""","1","false","1","2","1","20","false","1000","false","10000","false","7","0.515","10","0.515"
"123","35","45","0.29","0.234","""uniform""","0.42000000000000004","""uniform""","""openly-listen""","0.5800000000000001","""uniform""","0.22","""uniform""","""link""","false","false","9","0","0.61","true","false","5","999","20","1.0E-5","false","true","0.8","5","129","2","""HK""","1","false","1","2","1","20","false","1000","false","10000","false","7","0.522","10","0.5555"
"123","42","61","0.42","0.636","""uniform""","0.05","""uniform""","""vaguely-speak""","0.3","""uniform""","0.98","""uniform""","""link""","false","false","10","0.76","0.32","false","false","5","999","20","1.0E-5","false","true","0.8","5","129","2","""HK""","1","false","1","2","1","20","false","1000","false","10000","false","7","0.5409999999999999","10","0.5225"
"123","63","62","0.08","0.12","""uniform""","0.12","""uniform""","""vaguely-speak""","0.88","""uniform""","0.8400000000000001","""uniform""","""link""","false","true","0","0.05","0.47","false","false","5","999","20","1.0E-5","false","true","0.8","5","129","2","""HK""","1","false","1","2","1","20","false","1000","false","10000","false","7","0.543","10","0.5015000000000001"
"123","105","62","0.17","0.502","""uniform""","0.42000000000000004","""uniform""","""openly-listen""","0.6900000000000001","""uniform""","0.75","""uniform""","""link""","false","true","7","0.22","0.76","true","false","5","999","20","1.0E-5","false","true","0.8","5","129","2","""HK""","1","false","1","2","1","20","false","1000","false","10000","false","7","0.5700000000000001","10","0.6035"
"123","119","64","0.18","0.403","""uniform""","0.19","""uniform""","""openly-listen""","0.86","""uniform""","0.7100000000000001","""uniform""","""link""","false","false","9","0.22","0.61","true","false","5","999","20","1.0E-5","false","true","0.8","5","129","2","""HK""","1","false","1","2","1","20","false","1000","false","10000","false","7","0.581","10","0.548"
"123","196","62","0.08","0.12","""uniform""","0.12","""uniform""","""openly-listen""","0.9600000000000001","""uniform""","0.8400000000000001","""uniform""","""link""","false","true","0","0.22","0.76","true","false","5","999","20","1.0E-5","false","true","0.8","5","129","2","""HK""","1","false","1","2","1","20","false","1000","false","10000","false","7","0.606","10","0.6125"
"123","210","64","0.15","0.403","""uniform""","0.19","""uniform""","""openly-listen""","0.86","""uniform""","0.7100000000000001","""uniform""","""link""","false","true","9","0.22","0.61","true","false","5","999","20","1.0E-5","false","true","0.8","5","129","2","""HK""","1","false","1","2","1","20","false","1000","false","10000","false","7","0.607","10","0.5619999999999999"
"123","245","48","0.42","0.935","""uniform""","0.42000000000000004","""uniform""","""openly-listen""","0.9600000000000001","""uniform""","0.41000000000000003","""uniform""","""link""","false","false","9","0.22","0.64","true","false","5","999","20","1.0E-5","false","true","0.8","5","129","2","""HK""","1","false","1","2","1","20","false","1000","false","10000","false","7","0.704","10","0.619"
"124","7","19","0.24","0.668","""uniform""","0.24000000000000002","""uniform""","""openly-listen""","0.14","""uniform""","0.56","""uniform""","""link""","false","false","9","0.78","0.78","true","false","5","999","20","1.0E-5","false","true","0.8","5","129","2","""HK""","1","false","1","2","1","20","false","1000","false","10000","false","7","0.541","10","0.599"
"124","28","37","0.43","0.501","""uniform""","0.11","""uniform""","""vaguely-speak""","0.97","""uniform""","0.45","""uniform""","""link""","false","false","2","0.62","0.66","false","false","5","999","20","1.0E-5","false","true","0.8","5","129","2","""HK""","1","false","1","2","1","20","false","1000","false","10000","false","7","0.556","10","0.575"
"124","42","49","0.13","0.87","""uniform""","0.47000000000000003","""uniform""","""vaguely-speak""","0.22","""uniform""","0.52","""uniform""","""link""","false","true","9","0.9","0.88","true","false","5","999","20","1.0E-5","false","true","0.8","5","129","2","""HK""","1","false","1","2","1","20","false","1000","false","10000","false","7","0.573","10","0.5545"
"124","147","45","0.27","0.796","""uniform""","0.36000000000000004","""uniform""","""vaguely-speak""","0.81","""uniform""","0.01","""uniform""","""link""","false","false","10","0.08","0.75","true","false","5","999","20","1.0E-5","false","true","0.8","5","129","2","""HK""","1","false","1","2","1","20","false","1000","false","10000","false","7","0.5760000000000001","10","0.5945"
"124","189","37","0.44","0.501","""uniform""","0.11","""uniform""","""vaguely-speak""","0.97","""uniform""","0.45","""uniform""","""link""","false","false","2","0.62","0.66","false","false","5","999","20","1.0E-5","false","true","0.8","5","129","2","""HK""","1","false","1","2","1","20","false","1000","false","10000","false","7","0.594","10","0.592"
"124","301","18","0.03","0.649","""uniform""","0.33","""uniform""","""vaguely-speak""","1.05","""uniform""","0.59","""uniform""","""link""","false","false","10","0.08","0.75","true","false","5","999","20","1.0E-5","false","true","0.8","5","129","2","""HK""","1","false","1","2","1","20","false","1000","false","10000","false","7","0.597","10","0.5645"
"125","7","55","0","0.081","""uniform""","0.49","""uniform""","""vaguely-speak""","0.06999999999999999","""uniform""","0.9500000000000001","""uniform""","""link""","false","true","4","0.43","0.4","false","false","5","999","20","1.0E-5","false","true","0.8","5","129","2","""HK""","1","false","1","2","1","20","false","1000","false","10000","false","7","0","10","0"
"125","14","51","0.03","0.771","""uniform""","0.28","""uniform""","""openly-listen""","1.02","""uniform""","0.41000000000000003","""uniform""","""link""","false","false","2","0.6900000000000001","0.8","true","false","5","999","20","1.0E-5","false","true","0.8","5","129","2","""HK""","1","false","1","2","1","20","false","1000","false","10000","false","7","0.5740000000000001","10","0.6134999999999999"
"125","147","22","0.03","0.21400000000000002","""uniform""","0.47000000000000003","""uniform""","""openly-listen""","0.8","""uniform""","0.4","""uniform""","""link""","false","true","6","0.81","0.72","true","false","5","999","20","1.0E-5","false","true","0.8","5","129","2","""HK""","1","false","1","2","1","20","false","1000","false","10000","false","7","0.622","10","0.6625000000000001"
"125","161","15","0.35000000000000003","0.156","""uniform""","0.47000000000000003","""uniform""","""openly-listen""","0.97","""uniform""","0.89","""uniform""","""link""","false","true","3","0.17","0.6799999999999999","true","false","5","999","20","1.0E-5","false","true","0.8","5","129","2","""HK""","1","false","1","2","1","20","false","1000","false","10000","false","7","0.65","10","0.631"
"125","245","22","0.03","0.26","""uniform""","0.47000000000000003","""uniform""","""openly-listen""","0.8","""uniform""","0.4","""uniform""","""link""","false","true","6","0.81","0.72","true","false","5","999","20","1.0E-5","false","true","0.8","5","129","2","""HK""","1","false","1","2","1","20","false","1000","false","10000","false","7","0.656","10","0.576"
"125","301","22","0.03","0.26","""uniform""","0.47000000000000003","""uniform""","""openly-listen""","0.8","""uniform""","0.89","""uniform""","""link""","false","true","3","0.17","0.72","true","false","5","999","20","1.0E-5","false","true","0.8","5","129","2","""HK""","1","false","1","2","1","20","false","1000","false","10000","false","7","0.701","10","0.6255"
"126","7","46","0.23","0.759","""uniform""","0.41000000000000003","""uniform""","""vaguely-speak""","0.68","""uniform""","0.67","""uniform""","""link""","false","false","0","0.15","0.33","false","false","5","999","20","1.0E-5","false","true","0.8","5","129","2","""HK""","1","false","1","2","1","20","false","1000","false","10000","false","7","0","10","0"
"126","21","23","0.16","0.039","""uniform""","0.16","""uniform""","""openly-listen""","0.47000000000000003","""uniform""","0.61","""uniform""","""link""","false","false","5","0.66","0.48","true","false","5","999","20","1.0E-5","false","true","0.8","5","129","2","""HK""","1","false","1","2","1","20","false","1000","false","10000","false","7","0.638","10","0.5055000000000001"
"126","105","6","0.14","0.381","""uniform""","0.28","""uniform""","""openly-listen""","0.65","""uniform""","0.87","""uniform""","""link""","false","false","1","0.12","0.5","true","false","5","999","20","1.0E-5","false","true","0.8","5","129","2","""HK""","1","false","1","2","1","20","false","1000","false","10000","false","7","0.7929999999999999","10","0.7345"
"127","7","16","0.21","0.788","""uniform""","0.21000000000000002","""uniform""","""vaguely-speak""","0.78","""uniform""","0.2","""uniform""","""link""","false","true","3","0.29","0.21000000000000002","false","false","5","999","20","1.0E-5","false","true","0.8","5","129","2","""HK""","1","false","1","2","1","20","false","1000","false","10000","false","7","0","10","0.0015"
"127","14","40","0.42","0.65","""uniform""","0.41000000000000003","""uniform""","""vaguely-speak""","0.54","""uniform""","0.060000000000000005","""uniform""","""link""","false","true","7","0.75","0.27","true","false","5","999","20","1.0E-5","false","true","0.8","5","129","2","""HK""","1","false","1","2","1","20","false","1000","false","10000","false","7","0.001","10","0.003"
"127","21","55","0","0.642","""uniform""","0.45","""uniform""","""openly-listen""","0.77","""uniform""","1","""uniform""","""link""","false","false","1","0.08","0.58","false","false","5","999","20","1.0E-5","false","true","0.8","5","129","2","""HK""","1","false","1","2","1","20","false","1000","false","10000","false","7","0.16","10","0.11599999999999999"
"127","28","33","0.39","0.327","""uniform""","0.31","""uniform""","""vaguely-speak""","0.89","""uniform""","0.13","""uniform""","""link""","false","false","6","0.97","0.9","true","false","5","999","20","1.0E-5","false","true","0.8","5","129","2","""HK""","1","false","1","2","1","20","false","1000","false","10000","false","7","0.556","10","0.5465"
"127","35","59","0.48","0.747","""uniform""","0.14","""uniform""","""vaguely-speak""","0.48000000000000004","""uniform""","0.45","""uniform""","""link""","false","false","10","0.85","0.49","true","false","5","999","20","1.0E-5","false","true","0.8","5","129","2","""HK""","1","false","1","2","1","20","false","1000","false","10000","false","7","0.591","10","0.7324999999999999"
"127","308","8","0.5","0.23500000000000001","""uniform""","0.39","""uniform""","""vaguely-speak""","0.42000000000000004","""uniform""","0.7100000000000001","""uniform""","""link""","false","false","8","0.92","0.84","true","false","5","999","20","1.0E-5","false","true","0.8","5","129","2","""HK""","1","false","1","2","1","20","false","1000","false","10000","false","7","0.605","10","0.5405"
"127","357","23","0.19","0.23500000000000001","""uniform""","0.39","""uniform""","""openly-listen""","0.42000000000000004","""uniform""","0.7100000000000001","""uniform""","""link""","false","false","7","0.92","0.84","true","false","5","999","20","1.0E-5","false","true","0.8","5","129","2","""HK""","1","false","1","2","1","20","false","1000","false","10000","false","7","0.609","10","0.5775"
"128","7","43","0.34","0.551","""uniform""","0.21000000000000002","""uniform""","""vaguely-speak""","0.9400000000000001","""uniform""","0.03","""uniform""","""link""","false","false","7","0.56","0.33999999999999997","false","false","5","999","20","1.0E-5","false","true","0.8","5","129","2","""HK""","1","false","1","2","1","20","false","1000","false","10000","false","7","0.004","10","0.0045000000000000005"
"128","14","5","0.12","0.225","""uniform""","0.39","""uniform""","""openly-listen""","1.07","""uniform""","0.24000000000000002","""uniform""","""link""","false","true","7","0.68","0.30000000000000004","false","false","5","999","20","1.0E-5","false","true","0.8","5","129","2","""HK""","1","false","1","2","1","20","false","1000","false","10000","false","7","0.247","10","0.2225"
"128","35","9","0.26","0.911","""uniform""","0.14","""uniform""","""vaguely-speak""","0.77","""uniform""","0.43","""uniform""","""link""","false","true","4","0","0.88","true","false","5","999","20","1.0E-5","false","true","0.8","5","129","2","""HK""","1","false","1","2","1","20","false","1000","false","10000","false","7","0.537","10","0.552"
"128","49","26","0.3","0.24300000000000002","""uniform""","0.33","""uniform""","""vaguely-speak""","1.03","""uniform""","0.12","""uniform""","""link""","false","false","8","0.33","0.79","true","false","5","999","20","1.0E-5","false","true","0.8","5","129","2","""HK""","1","false","1","2","1","20","false","1000","false","10000","false","7","0.5569999999999999","10","0.6065"
"128","161","62","0.23","0.255","""uniform""","0.23","""uniform""","""openly-listen""","0.55","""uniform""","0.16","""uniform""","""link""","false","false","9","0.8300000000000001","0.6799999999999999","true","false","5","999","20","1.0E-5","false","true","0.8","5","129","2","""HK""","1","false","1","2","1","20","false","1000","false","10000","false","7","0.5920000000000001","10","0.577"
"128","238","37","0.23","0.255","""uniform""","0.23","""uniform""","""openly-listen""","0.55","""uniform""","0.16","""uniform""","""link""","false","false","9","0.8300000000000001","0.64","true","false","5","999","20","1.0E-5","false","true","0.8","5","129","2","""HK""","1","false","1","2","1","20","false","1000","false","10000","false","7","0.607","10","0.5"
"129","7","19","0.02","0.625","""uniform""","0.5","""uniform""","""openly-listen""","0.86","""uniform""","0.38","""uniform""","""link""","false","false","8","0.9","0.9","false","false","5","999","20","1.0E-5","false","true","0.8","5","129","2","""HK""","1","false","1","2","1","20","false","1000","false","10000","false","7","0.09999999999999999","10","0.131"
"129","21","54","0.5","0.649","""uniform""","0.13","""uniform""","""openly-listen""","0.8200000000000001","""uniform""","0.8400000000000001","""uniform""","""link""","false","true","4","0.27","0.27","false","false","5","999","20","1.0E-5","false","true","0.8","5","129","2","""HK""","1","false","1","2","1","20","false","1000","false","10000","false","7","0.41500000000000004","10","0.455"
"129","35","63","0.23","0.29600000000000004","""uniform""","0.01","""uniform""","""vaguely-speak""","0.76","""uniform""","0.86","""uniform""","""link""","false","true","4","0.4","0.74","false","false","5","999","20","1.0E-5","false","true","0.8","5","129","2","""HK""","1","false","1","2","1","20","false","1000","false","10000","false","7","0.527","10","0.507"
"129","42","12","0.4","0.234","""uniform""","0.22","""uniform""","""openly-listen""","0.31","""uniform""","0.85","""uniform""","""link""","false","false","3","0.8300000000000001","0.53","true","false","5","999","20","1.0E-5","false","true","0.8","5","129","2","""HK""","1","false","1","2","1","20","false","1000","false","10000","false","7","0.5660000000000001","10","0.7605"
"129","154","54","0.47000000000000003","0.649","""uniform""","0.13","""uniform""","""openly-listen""","0.74","""uniform""","0.8400000000000001","""uniform""","""link""","false","true","4","0.27","0.43000000000000005","true","false","5","999","20","1.0E-5","false","true","0.8","5","129","2","""HK""","1","false","1","2","1","20","false","1000","false","10000","false","7","0.5760000000000001","10","0.5475000000000001"
"129","168","12","0.5","0.849","""uniform""","0.37","""uniform""","""vaguely-speak""","0.18000000000000002","""uniform""","0.6","""uniform""","""link""","false","true","4","0.31","0.74","true","false","5","999","20","1.0E-5","false","true","0.8","5","129","2","""HK""","1","false","1","2","1","20","false","1000","false","10000","false","7","0.593","10","0.5625"
"129","203","42","0.43","0.229","""uniform""","0.37","""uniform""","""openly-listen""","0.01","""uniform""","0.72","""uniform""","""link""","false","true","7","0.75","0.76","true","false","5","999","20","1.0E-5","false","true","0.8","5","129","2","""HK""","1","false","1","2","1","20","false","1000","false","10000","false","7","0.629","10","0.614"
"129","238","12","0.4","0.234","""uniform""","0.22","""uniform""","""openly-listen""","0.31","""uniform""","0.78","""uniform""","""link""","false","false","3","0.8300000000000001","0.53","true","false","5","999","20","1.0E-5","false","true","0.8","5","129","2","""HK""","1","false","1","2","1","20","false","1000","false","10000","false","7","0.767","10","0.6785"
"130","7","29","0.38","0.55","""uniform""","0.42000000000000004","""uniform""","""vaguely-speak""","0.02","""uniform""","0.13","""uniform""","""link""","false","false","2","0.79","0.61","false","false","5","999","20","1.0E-5","false","true","0.8","5","129","2","""HK""","1","false","1","2","1","20","false","1000","false","10000","false","7","0.10600000000000001","10","0.177"
"130","14","45","0.47000000000000003","0.7050000000000001","""uniform""","0.060000000000000005","""uniform""","""vaguely-speak""","0.51","""uniform""","0.24000000000000002","""uniform""","""link""","false","true","10","0.41000000000000003","0.74","true","false","5","999","20","1.0E-5","false","true","0.8","5","129","2","""HK""","1","false","1","2","1","20","false","1000","false","10000","false","7","0.538","10","0.5305"
"130","49","52","0.49","0.5660000000000001","""uniform""","0.36000000000000004","""uniform""","""vaguely-speak""","0.89","""uniform""","0.99","""uniform""","""link""","false","false","0","0.38","0.91","true","false","5","999","20","1.0E-5","false","true","0.8","5","129","2","""HK""","1","false","1","2","1","20","false","1000","false","10000","false","7","0.54","10","0.5529999999999999"
"130","84","63","0.09","0.163","""uniform""","0.11","""uniform""","""vaguely-speak""","0.31","""uniform""","0.47000000000000003","""uniform""","""link""","false","true","10","0.22","0.8099999999999999","false","false","5","999","20","1.0E-5","false","true","0.8","5","129","2","""HK""","1","false","1","2","1","20","false","1000","false","10000","false","7","0.541","10","0.504"
"130","98","48","0.47000000000000003","0.433","""uniform""","0.36000000000000004","""uniform""","""vaguely-speak""","0.9400000000000001","""uniform""","0.75","""uniform""","""link""","false","false","7","0.18","0.67","true","false","5","999","20","1.0E-5","false","true","0.8","5","129","2","""HK""","1","false","1","2","1","20","false","1000","false","10000","false","7","0.545","10","0.5855"
"130","119","41","0.08","0.8420000000000001","""uniform""","0.33","""uniform""","""openly-listen""","0.31","""uniform""","0.5","""uniform""","""link""","false","false","0","0.08","0.79","true","false","5","999","20","1.0E-5","false","true","0.8","5","129","2","""HK""","1","false","1","2","1","20","false","1000","false","10000","false","7","0.592","10","0.5965"
"130","280","64","0.12","0.743","""uniform""","0.2","""uniform""","""openly-listen""","0.73","""uniform""","0.17","""uniform""","""link""","false","true","5","0.07","0.43000000000000005","true","false","5","999","20","1.0E-5","false","true","0.8","5","129","2","""HK""","1","false","1","2","1","20","false","1000","false","10000","false","7","0.611","10","0.568"
"130","287","48","0.47000000000000003","0.433","""uniform""","0.2","""uniform""","""openly-listen""","0.86","""uniform""","0.17","""uniform""","""link""","false","true","5","0.07","0.43000000000000005","true","false","5","999","20","1.0E-5","false","true","0.8","5","129","2","""HK""","1","false","1","2","1","20","false","1000","false","10000","false","7","0.633","10","0.558"
"131","7","43","0.09","0.195","""uniform""","0.09999999999999999","""uniform""","""vaguely-speak""","1.1","""uniform""","0.12","""uniform""","""link""","false","false","3","0.04","0.59","false","false","5","999","20","1.0E-5","false","true","0.8","5","129","2","""HK""","1","false","1","2","1","20","false","1000","false","10000","false","7","0.498","10","0.5425"
"131","70","25","0.33","0.331","""uniform""","0.09999999999999999","""uniform""","""vaguely-speak""","0.060000000000000005","""uniform""","0.61","""uniform""","""link""","false","false","8","0.13","0.21000000000000002","false","false","5","999","20","1.0E-5","false","true","0.8","5","129","2","""HK""","1","false","1","2","1","20","false","1000","false","10000","false","7","0.5549999999999999","10","0.55"
"131","98","64","0.18","0.615","""uniform""","0.3","""uniform""","""vaguely-speak""","0.55","""uniform""","0.3","""uniform""","""link""","false","false","2","0.07","0.88","true","false","5","999","20","1.0E-5","false","true","0.8","5","129","2","""HK""","1","false","1","2","1","20","false","1000","false","10000","false","7","0.567","10","0.5305"
"131","105","38","0.02","0.989","""uniform""","0.35000000000000003","""uniform""","""openly-listen""","0.61","""uniform""","0.75","""uniform""","""link""","false","false","9","0.85","0.5","true","false","5","999","20","1.0E-5","false","true","0.8","5","129","2","""HK""","1","false","1","2","1","20","false","1000","false","10000","false","7","0.614","10","0.635"
"131","210","38","0.02","0.989","""uniform""","0.35000000000000003","""uniform""","""openly-listen""","0.61","""uniform""","0.75","""uniform""","""link""","false","false","9","0.75","0.5","true","false","5","999","20","1.0E-5","false","true","0.8","5","129","2","""HK""","1","false","1","2","1","20","false","1000","false","10000","false","7","0.642","10","0.668"
"132","7","38","0.38","0.627","""uniform""","0.27","""uniform""","""vaguely-speak""","0.7000000000000001","""uniform""","0.8300000000000001","""uniform""","""link""","false","false","7","0.4","0.65","false","false","5","999","20","1.0E-5","false","true","0.8","5","129","2","""HK""","1","false","1","2","1","20","false","1000","false","10000","false","7","0","10","0"
"132","14","15","0.38","0.09799999999999999","""uniform""","0.09","""uniform""","""openly-listen""","0.49","""uniform""","0.89","""uniform""","""link""","false","false","5","0.56","0.44000000000000006","false","false","5","999","20","1.0E-5","false","true","0.8","5","129","2","""HK""","1","false","1","2","1","20","false","1000","false","10000","false","7","0.498","10","0.5075"
"132","56","17","0.08","0.607","""uniform""","0.14","""uniform""","""vaguely-speak""","0.68","""uniform""","0.060000000000000005","""uniform""","""link""","false","false","10","0.5","0.9","true","false","5","999","20","1.0E-5","false","true","0.8","5","129","2","""HK""","1","false","1","2","1","20","false","1000","false","10000","false","7","0.5650000000000001","10","0.539"
"132","203","44","0.49","0.61","""uniform""","0.12","""uniform""","""openly-listen""","0.27","""uniform""","0.89","""uniform""","""link""","false","true","7","0.85","0.58","true","false","5","999","20","1.0E-5","false","true","0.8","5","129","2","""HK""","1","false","1","2","1","20","false","1000","false","10000","false","7","0.602","10","0.5169999999999999"
"133","7","22","0.49","0.224","""uniform""","0.11","""uniform""","""openly-listen""","0.060000000000000005","""uniform""","0.39","""uniform""","""link""","false","false","6","0.11","0.22","false","false","5","999","20","1.0E-5","false","true","0.8","5","129","2","""HK""","1","false","1","2","1","20","false","1000","false","10000","false","7","0.44300000000000006","10","0.5215000000000001"
"133","21","49","0.05","0.983","""uniform""","0.21000000000000002","""uniform""","""vaguely-speak""","0.49","""uniform""","0.75","""uniform""","""link""","false","false","6","0.93","0.8","true","false","5","999","20","1.0E-5","false","true","0.8","5","129","2","""HK""","1","false","1","2","1","20","false","1000","false","10000","false","7","0.5860000000000001","10","0.562"
"133","49","17","0.3","0.276","""uniform""","0.11","""uniform""","""openly-listen""","0.67","""uniform""","0.25","""uniform""","""link""","false","false","5","0.81","0.33999999999999997","true","false","5","999","20","1.0E-5","false","true","0.8","5","129","2","""HK""","1","false","1","2","1","20","false","1000","false","10000","false","7","0.611","10","0.49"
"133","252","49","0.05","0.983","""uniform""","0.26","""uniform""","""openly-listen""","0.49","""uniform""","0.75","""uniform""","""link""","false","false","6","0.93","0.8","true","false","5","999","20","1.0E-5","false","true","0.8","5","129","2","""HK""","1","false","1","2","1","20","false","1000","false","10000","false","7","0.641","10","0.5895"
"134","7","43","0.45","0.601","""uniform""","0.27","""uniform""","""openly-listen""","0.8200000000000001","""uniform""","0.74","""uniform""","""link""","false","false","0","0","0.59","false","false","5","999","20","1.0E-5","false","true","0.8","5","129","2","""HK""","1","false","1","2","1","20","false","1000","false","10000","false","7","0.203","10","0.1985"
"134","14","60","0.17","0.917","""uniform""","0.46","""uniform""","""openly-listen""","0.5","""uniform""","0.64","""uniform""","""link""","false","false","4","0.19","0.8","true","false","5","999","20","1.0E-5","false","true","0.8","5","129","2","""HK""","1","false","1","2","1","20","false","1000","false","10000","false","7","0.594","10","0.609"
"134","49","32","0.06","0.8270000000000001","""uniform""","0.22","""uniform""","""openly-listen""","0.98","""uniform""","0.63","""uniform""","""link""","false","false","7","0.75","0.48","true","false","5","999","20","1.0E-5","false","true","0.8","5","129","2","""HK""","1","false","1","2","1","20","false","1000","false","10000","false","7","0.677","10","0.5715"
"134","329","14","0.24","0.36100000000000004","""uniform""","0.26","""uniform""","""openly-listen""","1","""uniform""","0.53","""uniform""","""link""","false","true","8","0.5700000000000001","0.64","true","false","5","999","20","1.0E-5","false","true","0.8","5","129","2","""HK""","1","false","1","2","1","20","false","1000","false","10000","false","7","0.68","10","0.5205"
"135","7","17","0.09","0.987","""uniform""","0.09","""uniform""","""openly-listen""","0.68","""uniform""","0.08","""uniform""","""link""","false","false","8","0.39","0.61","false","false","5","999","20","1.0E-5","false","true","0.8","5","129","2","""HK""","1","false","1","2","1","20","false","1000","false","10000","false","7","0.563","10","0.4975"
"135","70","59","0.14","0.394","""uniform""","0.3","""uniform""","""vaguely-speak""","0.81","""uniform""","0.060000000000000005","""uniform""","""link""","false","false","7","0.18","0.87","true","false","5","999","20","1.0E-5","false","true","0.8","5","129","2","""HK""","1","false","1","2","1","20","false","1000","false","10000","false","7","0.581","10","0.5794999999999999"
"135","168","59","0.14","0.394","""uniform""","0.3","""uniform""","""vaguely-speak""","0.81","""uniform""","0.060000000000000005","""uniform""","""link""","false","false","9","0.18","0.87","true","false","5","999","20","1.0E-5","false","true","0.8","5","129","2","""HK""","1","false","1","2","1","20","false","1000","false","10000","false","7","0.587","10","0.5495"
"135","322","63","0.24","0.35600000000000004","""uniform""","0.19","""uniform""","""openly-listen""","0.65","""uniform""","0.18000000000000002","""uniform""","""link""","false","true","8","0.5700000000000001","0.72","true","false","5","999","20","1.0E-5","false","true","0.8","5","129","2","""HK""","1","false","1","2","1","20","false","1000","false","10000","false","7","0.613","10","0.5425"
"135","329","63","0.23","0.35600000000000004","""uniform""","0.19","""uniform""","""openly-listen""","0.5","""uniform""","0.18000000000000002","""uniform""","""link""","false","false","8","0.5700000000000001","0.72","true","false","5","999","20","1.0E-5","false","true","0.8","5","129","2","""HK""","1","false","1","2","1","20","false","1000","false","10000","false","7","0.619","10","0.5609999999999999"
"136","7","57","0.2","0.929","""uniform""","0.09999999999999999","""uniform""","""openly-listen""","0.49","""uniform""","0.68","""uniform""","""link""","false","true","6","0.14","0.26","false","false","5","999","20","1.0E-5","false","true","0.8","5","129","2","""HK""","1","false","1","2","1","20","false","1000","false","10000","false","7","0.619","10","0.576"
"136","252","62","0.2","0.929","""uniform""","0.09999999999999999","""uniform""","""openly-listen""","0.49","""uniform""","0.68","""uniform""","""link""","false","true","6","0.14","0.26","false","false","5","999","20","1.0E-5","false","true","0.8","5","129","2","""HK""","1","false","1","2","1","20","false","1000","false","10000","false","7","0.624","10","0.5509999999999999"
"137","7","5","0.19","0.48400000000000004","""uniform""","0.24000000000000002","""uniform""","""vaguely-speak""","0.87","""uniform""","0.32","""uniform""","""link""","false","false","8","0.4","0.82","true","false","5","999","20","1.0E-5","false","true","0.8","5","129","2","""HK""","1","false","1","2","1","20","false","1000","false","10000","false","7","0.5690000000000001","10","0.5755"
"137","14","39","0.28","0.912","""uniform""","0.36000000000000004","""uniform""","""vaguely-speak""","0.6","""uniform""","0.52","""uniform""","""link""","false","true","0","0.09","0.8","true","false","5","999","20","1.0E-5","false","true","0.8","5","129","2","""HK""","1","false","1","2","1","20","false","1000","false","10000","false","7","0.6","10","0.6125"
"137","154","39","0.28","0.912","""uniform""","0.36000000000000004","""uniform""","""vaguely-speak""","0.67","""uniform""","0.52","""uniform""","""link""","false","true","0","0.09","0.8","true","false","5","999","20","1.0E-5","false","true","0.8","5","129","2","""HK""","1","false","1","2","1","20","false","1000","false","10000","false","7","0.607","10","0.6085"
"137","175","4","0.19","0.48400000000000004","""uniform""","0.24000000000000002","""uniform""","""vaguely-speak""","0.87","""uniform""","0.32","""uniform""","""link""","false","false","8","0.4","0.82","true","false","5","999","20","1.0E-5","false","true","0.8","5","129","2","""HK""","1","false","1","2","1","20","false","1000","false","10000","false","7","0.609","10","0.5545"
"137","217","32","0.36","0.849","""uniform""","0.33","""uniform""","""openly-listen""","0.41000000000000003","""uniform""","0.29000000000000004","""uniform""","""link""","false","false","8","0.22","0.55","true","false","5","999","20","1.0E-5","false","true","0.8","5","129","2","""HK""","1","false","1","2","1","20","false","1000","false","10000","false","7","0.63","10","0.6365"
"138","7","16","0.33","0.933","""uniform""","0.28","""uniform""","""vaguely-speak""","0.060000000000000005","""uniform""","0.75","""uniform""","""link""","false","false","10","0.14","0.39","true","false","5","999","20","1.0E-5","false","true","0.8","5","129","2","""HK""","1","false","1","2","1","20","false","1000","false","10000","false","7","0.5780000000000001","10","0.6005"
"138","98","12","0.18","0.634","""uniform""","0.5","""uniform""","""openly-listen""","1.07","""uniform""","0.65","""uniform""","""link""","false","false","0","0.13","0.61","true","false","5","999","20","1.0E-5","false","true","0.8","5","129","2","""HK""","1","false","1","2","1","20","false","1000","false","10000","false","7","0.749","10","0.628"
"139","7","45","0.08","0.17800000000000002","""uniform""","0.25","""uniform""","""vaguely-speak""","0.61","""uniform""","0.7100000000000001","""uniform""","""link""","false","false","9","0.73","0.14","false","false","5","999","20","1.0E-5","false","true","0.8","5","129","2","""HK""","1","false","1","2","1","20","false","1000","false","10000","false","7","0","10","0"
"139","21","51","0.14","0.9500000000000001","""uniform""","0.21000000000000002","""uniform""","""openly-listen""","0.33","""uniform""","0.34","""uniform""","""link""","false","false","8","0.16","0.49","false","false","5","999","20","1.0E-5","false","true","0.8","5","129","2","""HK""","1","false","1","2","1","20","false","1000","false","10000","false","7","0.226","10","0.2445"
"139","35","58","0.18","0.498","""uniform""","0.060000000000000005","""uniform""","""vaguely-speak""","0.78","""uniform""","0.97","""uniform""","""link""","false","false","6","0.13","0.39","false","false","5","999","20","1.0E-5","false","true","0.8","5","129","2","""HK""","1","false","1","2","1","20","false","1000","false","10000","false","7","0.507","10","0.5165"
"139","77","62","0.44","0.604","""uniform""","0.27","""uniform""","""openly-listen""","0.46","""uniform""","0.74","""uniform""","""link""","false","false","5","0.54","0.86","true","false","5","999","20","1.0E-5","false","true","0.8","5","129","2","""HK""","1","false","1","2","1","20","false","1000","false","10000","false","7","0.562","10","0.5645"
"139","126","36","0.09","0.661","""uniform""","0.2","""uniform""","""openly-listen""","1.04","""uniform""","0.5","""uniform""","""link""","false","false","2","0.91","0.49","true","false","5","999","20","1.0E-5","false","true","0.8","5","129","2","""HK""","1","false","1","2","1","20","false","1000","false","10000","false","7","0.634","10","0.6599999999999999"
"140","7","7","0.41000000000000003","0.129","""uniform""","0.17","""uniform""","""openly-listen""","0.26","""uniform""","0.53","""uniform""","""link""","false","true","7","0.66","0.77","true","false","5","999","20","1.0E-5","false","true","0.8","5","129","2","""HK""","1","false","1","2","1","20","false","1000","false","10000","false","7","0.484","10","0.5295"
"140","14","34","0.42","0.775","""uniform""","0.38","""uniform""","""openly-listen""","0.09999999999999999","""uniform""","0.43","""uniform""","""link""","false","false","5","0.25","0.71","true","false","5","999","20","1.0E-5","false","true","0.8","5","129","2","""HK""","1","false","1","2","1","20","false","1000","false","10000","false","7","0.602","10","0.587"
"140","35","57","0.31","0.48500000000000004","""uniform""","0.11","""uniform""","""openly-listen""","0.99","""uniform""","0.34","""uniform""","""link""","false","false","10","0.6900000000000001","0.24000000000000002","true","false","5","999","20","1.0E-5","false","true","0.8","5","129","2","""HK""","1","false","1","2","1","20","false","1000","false","10000","false","7","0.609","10","0.432"
"140","154","17","0.45","0.726","""uniform""","0.36000000000000004","""uniform""","""openly-listen""","0.91","""uniform""","0.44","""uniform""","""link""","false","false","1","0.79","0.6799999999999999","true","false","5","999","20","1.0E-5","false","true","0.8","5","129","2","""HK""","1","false","1","2","1","20","false","1000","false","10000","false","7","0.6900000000000001","10","0.6895"
"140","224","49","0.31","0.48500000000000004","""uniform""","0.11","""uniform""","""openly-listen""","0.99","""uniform""","0.34","""uniform""","""link""","false","false","10","0.6900000000000001","0.24000000000000002","true","false","5","999","20","1.0E-5","false","true","0.8","5","129","2","""HK""","1","false","1","2","1","20","false","1000","false","10000","false","7","0.691","10","0.505"
"141","7","38","0.23","0.266","""uniform""","0.15000000000000002","""uniform""","""vaguely-speak""","0.48000000000000004","""uniform""","0.54","""uniform""","""link""","false","false","4","0.86","0.33","false","false","5","999","20","1.0E-5","false","true","0.8","5","129","2","""HK""","1","false","1","2","1","20","false","1000","false","10000","false","7","0","10","0.269"
"141","14","2","0.17","0.36000000000000004","""uniform""","0.37","""uniform""","""openly-listen""","0.46","""uniform""","0.39","""uniform""","""link""","false","true","7","0.43","0.45999999999999996","true","false","5","999","20","1.0E-5","false","true","0.8","5","129","2","""HK""","1","false","1","2","1","20","false","1000","false","10000","false","7","0.665","10","0.5934999999999999"
"142","7","53","0.5","0.23600000000000002","""uniform""","0.3","""uniform""","""openly-listen""","1.1","""uniform""","0.8300000000000001","""uniform""","""link""","false","false","8","0.63","0.19","true","false","5","999","20","1.0E-5","false","true","0.8","5","129","2","""HK""","1","false","1","2","1","20","false","1000","false","10000","false","7","0.17300000000000001","10","0.14450000000000002"
"142","14","13","0.23","0.7000000000000001","""uniform""","0.02","""uniform""","""openly-listen""","0.3","""uniform""","0.19","""uniform""","""link""","false","false","1","0.49","0.74","false","false","5","999","20","1.0E-5","false","true","0.8","5","129","2","""HK""","1","false","1","2","1","20","false","1000","false","10000","false","7","0.521","10","0.5055000000000001"
"142","77","12","0.08","0.686","""uniform""","0.11","""uniform""","""openly-listen""","0.01","""uniform""","0.27","""uniform""","""link""","false","false","3","0.55","0.28","true","false","5","999","20","1.0E-5","false","true","0.8","5","129","2","""HK""","1","false","1","2","1","20","false","1000","false","10000","false","7","0.5469999999999999","10","0.46499999999999997"
"142","126","15","0.33","0.433","""uniform""","0.5","""uniform""","""openly-listen""","1","""uniform""","0.89","""uniform""","""link""","false","false","10","0.07","0.64","true","false","5","999","20","1.0E-5","false","true","0.8","5","129","2","""HK""","1","false","1","2","1","20","false","1000","false","10000","false","7","0.613","10","0.679"
"142","210","15","0.33","0.5730000000000001","""uniform""","0.5","""uniform""","""openly-listen""","1","""uniform""","0.89","""uniform""","""link""","false","false","10","0.07","0.64","true","false","5","999","20","1.0E-5","false","true","0.8","5","129","2","""HK""","1","false","1","2","1","20","false","1000","false","10000","false","7","0.66","10","0.6000000000000001"
"142","224","13","0.33","0.433","""uniform""","0.5","""uniform""","""openly-listen""","1","""uniform""","0.89","""uniform""","""link""","false","false","10","0.07","0.64","true","false","5","999","20","1.0E-5","false","true","0.8","5","129","2","""HK""","1","false","1","2","1","20","false","1000","false","10000","false","7","0.675","10","0.5585"
"143","7","50","0.5","0.14700000000000002","""uniform""","0.15000000000000002","""uniform""","""vaguely-speak""","0.06999999999999999","""uniform""","0.14","""uniform""","""link""","false","false","9","0.96","0.41000000000000003","false","false","5","999","20","1.0E-5","false","true","0.8","5","129","2","""HK""","1","false","1","2","1","20","false","1000","false","10000","false","7","0.11399999999999999","10","0.127"
"143","14","45","0.26","0.792","""uniform""","0.11","""uniform""","""vaguely-speak""","1.1","""uniform""","0.4","""uniform""","""link""","false","true","9","0.06","0.25","true","false","5","999","20","1.0E-5","false","true","0.8","5","129","2","""HK""","1","false","1","2","1","20","false","1000","false","10000","false","7","0.531","10","0.5695"
"143","21","39","0.25","0.922","""uniform""","0.060000000000000005","""uniform""","""openly-listen""","0.15000000000000002","""uniform""","0.55","""uniform""","""link""","false","false","0","0.85","0.35","true","false","5","999","20","1.0E-5","false","true","0.8","5","129","2","""HK""","1","false","1","2","1","20","false","1000","false","10000","false","7","0.536","10","0.5335000000000001"
"143","28","58","0.48","0.126","""uniform""","0.09","""uniform""","""openly-listen""","1.02","""uniform""","0.66","""uniform""","""link""","false","true","4","0.78","0.69","false","false","5","999","20","1.0E-5","false","true","0.8","5","129","2","""HK""","1","false","1","2","1","20","false","1000","fal