"search-number","evaluation","evals-requested-so-far","conformity-level*","conformity-drawn*","n-neis*","p-random*","p-speaking-level*","p-speaking-drawn*","boundary*","boundary-drawn*","mode*","tolerance-level*","tolerance-drawn*","network-change*","random-network-change?*","n_centroids*","centroids_change*","centroid_color?*","killing_centroids?*","d_threshold*","polarisation-each-n-steps*","polar_repeats*","opinions*","model*","record-each-n-steps*","avoid-redundancies?*","set-seed?*","x-opinion*","y-opinion*","updating*","record-length*","construct-name?*","record?*","max-ticks*","hk-benchmark?*","n-agents*","random-seed","min-result","max-result","mean-result","stdev-result","final-step-result"
"1","1","25","0.71","""uniform""","21","0.32","0.733","""uniform""","0.14","""uniform""","""vaguely-speak""","0.77","""uniform""","""link""","true","4","1.0E-5","false","true","0.8","3000","20","2","""HK""","5000","false","false","1","2","1","25","true","false","3000","false","257","""-934528908""","0.848","0.848","0.848","0","0.848"
"1","2","25","0.71","""uniform""","21","0.32","0.733","""uniform""","0.14","""uniform""","""vaguely-speak""","0.77","""uniform""","""link""","true","4","1.0E-5","false","true","0.8","3000","20","2","""HK""","5000","false","false","1","2","1","25","true","false","3000","false","257","""-297273544""","0.881","0.881","0.881","0","0.881"
"1","3","25","0.71","""uniform""","21","0.32","0.733","""uniform""","0.14","""uniform""","""vaguely-speak""","0.77","""uniform""","""link""","true","4","1.0E-5","false","true","0.8","3000","20","2","""HK""","5000","false","false","1","2","1","25","true","false","3000","false","257","""1884100118""","0.886","0.886","0.886","0","0.886"
"1","4","25","0.71","""uniform""","21","0.32","0.733","""uniform""","0.14","""uniform""","""vaguely-speak""","0.77","""uniform""","""link""","true","4","1.0E-5","false","true","0.8","3000","20","2","""HK""","5000","false","false","1","2","1","25","true","false","3000","false","257","""-1966145933""","0.904","0.904","0.904","0","0.904"
"1","5","25","0.71","""uniform""","21","0.32","0.733","""uniform""","0.14","""uniform""","""vaguely-speak""","0.77","""uniform""","""link""","true","4","1.0E-5","false","true","0.8","3000","20","2","""HK""","5000","false","false","1","2","1","25","true","false","3000","false","257","""-579908069""","0.89","0.89","0.89","0","0.89"
"1","6","25","0.54","""uniform""","4","0.3","0.227","""uniform""","0.15000000000000002","""uniform""","""vaguely-speak""","0.88","""uniform""","""link""","false","4","1.0E-5","false","true","0.8","3000","20","2","""HK""","5000","false","false","1","2","1","25","true","false","3000","false","257","""-186492976""","0.887","0.887","0.887","0","0.887"
"1","7","25","0.54","""uniform""","4","0.3","0.227","""uniform""","0.15000000000000002","""uniform""","""vaguely-speak""","0.88","""uniform""","""link""","false","4","1.0E-5","false","true","0.8","3000","20","2","""HK""","5000","false","false","1","2","1","25","true","false","3000","false","257","""1719985921""","0.906","0.906","0.906","0","0.906"
"1","8","25","0.54","""uniform""","4","0.3","0.227","""uniform""","0.15000000000000002","""uniform""","""vaguely-speak""","0.88","""uniform""","""link""","false","4","1.0E-5","false","true","0.8","3000","20","2","""HK""","5000","false","false","1","2","1","25","true","false","3000","false","257","""185686218""","0.951","0.951","0.951","0","0.951"
"1","9","25","0.54","""uniform""","4","0.3","0.227","""uniform""","0.15000000000000002","""uniform""","""vaguely-speak""","0.88","""uniform""","""link""","false","4","1.0E-5","false","true","0.8","3000","20","2","""HK""","5000","false","false","1","2","1","25","true","false","3000","false","257","""862245286""","0.959","0.959","0.959","0","0.959"
"1","10","25","0.54","""uniform""","4","0.3","0.227","""uniform""","0.15000000000000002","""uniform""","""vaguely-speak""","0.88","""uniform""","""link""","false","4","1.0E-5","false","true","0.8","3000","20","2","""HK""","5000","false","false","1","2","1","25","true","false","3000","false","257","""-329752579""","0.923","0.923","0.923","0","0.923"
"1","11","25","0.37","""uniform""","35","0.25","0.07","""uniform""","0.09999999999999999","""uniform""","""openly-listen""","0.48","""uniform""","""link""","false","4","1.0E-5","false","true","0.8","3000","20","2","""HK""","5000","false","false","1","2","1","25","true","false","3000","false","257","""1774240146""","0.993","0.993","0.993","0","0.993"
"1","12","25","0.37","""uniform""","35","0.25","0.07","""uniform""","0.09999999999999999","""uniform""","""openly-listen""","0.48","""uniform""","""link""","false","4","1.0E-5","false","true","0.8","3000","20","2","""HK""","5000","false","false","1","2","1","25","true","false","3000","false","257","""-282028156""","0.812","0.812","0.812","0","0.812"
"1","13","25","0.37","""uniform""","35","0.25","0.07","""uniform""","0.09999999999999999","""uniform""","""openly-listen""","0.48","""uniform""","""link""","false","4","1.0E-5","false","true","0.8","3000","20","2","""HK""","5000","false","false","1","2","1","25","true","false","3000","false","257","""1414895396""","0.976","0.976","0.976","0","0.976"
"1","14","25","0.37","""uniform""","35","0.25","0.07","""uniform""","0.09999999999999999","""uniform""","""openly-listen""","0.48","""uniform""","""link""","false","4","1.0E-5","false","true","0.8","3000","20","2","""HK""","5000","false","false","1","2","1","25","true","false","3000","false","257","""128818312""","0.901","0.901","0.901","0","0.901"
"1","15","25","0.37","""uniform""","35","0.25","0.07","""uniform""","0.09999999999999999","""uniform""","""openly-listen""","0.48","""uniform""","""link""","false","4","1.0E-5","false","true","0.8","3000","20","2","""HK""","5000","false","false","1","2","1","25","true","false","3000","false","257","""-1636172126""","0.972","0.972","0.972","0","0.972"
"1","16","25","0.45000000000000007","""uniform""","49","0.27","0.91","""uniform""","0.31","""uniform""","""vaguely-speak""","0.19","""uniform""","""link""","false","4","1.0E-5","false","true","0.8","3000","20","2","""HK""","5000","false","false","1","2","1","25","true","false","3000","false","257","""-2069911082""","0.071","0.071","0.071","0","0.071"
"1","17","25","0.45000000000000007","""uniform""","49","0.27","0.91","""uniform""","0.31","""uniform""","""vaguely-speak""","0.19","""uniform""","""link""","false","4","1.0E-5","false","true","0.8","3000","20","2","""HK""","5000","false","false","1","2","1","25","true","false","3000","false","257","""1001538389""","0.292","0.292","0.292","0","0.292"
"1","18","25","0.45000000000000007","""uniform""","49","0.27","0.91","""uniform""","0.31","""uniform""","""vaguely-speak""","0.19","""uniform""","""link""","false","4","1.0E-5","false","true","0.8","3000","20","2","""HK""","5000","false","false","1","2","1","25","true","false","3000","false","257","""-2103063992""","0.073","0.073","0.073","0","0.073"
"1","19","25","0.45000000000000007","""uniform""","49","0.27","0.91","""uniform""","0.31","""uniform""","""vaguely-speak""","0.19","""uniform""","""link""","false","4","1.0E-5","false","true","0.8","3000","20","2","""HK""","5000","false","false","1","2","1","25","true","false","3000","false","257","""-1861667623""","0.091","0.091","0.091","0","0.091"
"1","20","25","0.45000000000000007","""uniform""","49","0.27","0.91","""uniform""","0.31","""uniform""","""vaguely-speak""","0.19","""uniform""","""link""","false","4","1.0E-5","false","true","0.8","3000","20","2","""HK""","5000","false","false","1","2","1","25","true","false","3000","false","257","""1220693024""","0.103","0.103","0.103","0","0.103"
"1","21","25","0.42000000000000004","""uniform""","22","0.27","0.784","""uniform""","0.06999999999999999","""uniform""","""vaguely-speak""","0.86","""uniform""","""link""","true","4","1.0E-5","false","true","0.8","3000","20","2","""HK""","5000","false","false","1","2","1","25","true","false","3000","false","257","""864250758""","1.144","1.144","1.144","0","1.144"
"1","22","25","0.42000000000000004","""uniform""","22","0.27","0.784","""uniform""","0.06999999999999999","""uniform""","""vaguely-speak""","0.86","""uniform""","""link""","true","4","1.0E-5","false","true","0.8","3000","20","2","""HK""","5000","false","false","1","2","1","25","true","false","3000","false","257","""1357252533""","1.031","1.031","1.031","0","1.031"
"1","23","25","0.42000000000000004","""uniform""","22","0.27","0.784","""uniform""","0.06999999999999999","""uniform""","""vaguely-speak""","0.86","""uniform""","""link""","true","4","1.0E-5","false","true","0.8","3000","20","2","""HK""","5000","false","false","1","2","1","25","true","false","3000","false","257","""-726910745""","1.047","1.047","1.047","0","1.047"
"1","24","25","0.42000000000000004","""uniform""","22","0.27","0.784","""uniform""","0.06999999999999999","""uniform""","""vaguely-speak""","0.86","""uniform""","""link""","true","4","1.0E-5","false","true","0.8","3000","20","2","""HK""","5000","false","false","1","2","1","25","true","false","3000","false","257","""983594172""","0.96","0.96","0.96","0","0.96"
"1","25","25","0.42000000000000004","""uniform""","22","0.27","0.784","""uniform""","0.06999999999999999","""uniform""","""vaguely-speak""","0.86","""uniform""","""link""","true","4","1.0E-5","false","true","0.8","3000","20","2","""HK""","5000","false","false","1","2","1","25","true","false","3000","false","257","""764087474""","1.007","1.007","1.007","0","1.007"
"1","26","50","0.2","""uniform""","4","0.3","0.227","""uniform""","0.15000000000000002","""uniform""","""vaguely-speak""","0.88","""uniform""","""link""","false","4","1.0E-5","false","true","0.8","3000","20","2","""HK""","5000","false","false","1","2","1","25","true","false","3000","false","257","""1344113442""","1.004","1.004","1.004","0","1.004"
"1","27","50","0.2","""uniform""","4","0.3","0.227","""uniform""","0.15000000000000002","""uniform""","""vaguely-speak""","0.88","""uniform""","""link""","false","4","1.0E-5","false","true","0.8","3000","20","2","""HK""","5000","false","false","1","2","1","25","true","false","3000","false","257","""1013101405""","0.907","0.907","0.907","0","0.907"
"1","28","50","0.2","""uniform""","4","0.3","0.227","""uniform""","0.15000000000000002","""uniform""","""vaguely-speak""","0.88","""uniform""","""link""","false","4","1.0E-5","false","true","0.8","3000","20","2","""HK""","5000","false","false","1","2","1","25","true","false","3000","false","257","""-2016460204""","1.014","1.014","1.014","0","1.014"
"1","29","50","0.2","""uniform""","4","0.3","0.227","""uniform""","0.15000000000000002","""uniform""","""vaguely-speak""","0.88","""uniform""","""link""","false","4","1.0E-5","false","true","0.8","3000","20","2","""HK""","5000","false","false","1","2","1","25","true","false","3000","false","257","""675262003""","0.974","0.974","0.974","0","0.974"
"1","30","50","0.2","""uniform""","4","0.3","0.227","""uniform""","0.15000000000000002","""uniform""","""vaguely-speak""","0.88","""uniform""","""link""","false","4","1.0E-5","false","true","0.8","3000","20","2","""HK""","5000","false","false","1","2","1","25","true","false","3000","false","257","""-466387834""","0.922","0.922","0.922","0","0.922"
"1","31","50","0.55","""uniform""","22","0.27","0.784","""uniform""","0.06999999999999999","""uniform""","""vaguely-speak""","0.86","""uniform""","""link""","true","4","1.0E-5","false","true","0.8","3000","20","2","""HK""","5000","false","false","1","2","1","25","true","false","3000","false","257","""138608678""","0.91","0.91","0.91","0","0.91"
"1","32","50","0.55","""uniform""","22","0.27","0.784","""uniform""","0.06999999999999999","""uniform""","""vaguely-speak""","0.86","""uniform""","""link""","true","4","1.0E-5","false","true","0.8","3000","20","2","""HK""","5000","false","false","1","2","1","25","true","false","3000","false","257","""-120397578""","1.035","1.035","1.035","0","1.035"
"1","33","50","0.55","""uniform""","22","0.27","0.784","""uniform""","0.06999999999999999","""uniform""","""vaguely-speak""","0.86","""uniform""","""link""","true","4","1.0E-5","false","true","0.8","3000","20","2","""HK""","5000","false","false","1","2","1","25","true","false","3000","false","257","""-966379478""","0.966","0.966","0.966","0","0.966"
"1","34","50","0.55","""uniform""","22","0.27","0.784","""uniform""","0.06999999999999999","""uniform""","""vaguely-speak""","0.86","""uniform""","""link""","true","4","1.0E-5","false","true","0.8","3000","20","2","""HK""","5000","false","false","1","2","1","25","true","false","3000","false","257","""-613798279""","1.034","1.034","1.034","0","1.034"
"1","35","50","0.55","""uniform""","22","0.27","0.784","""uniform""","0.06999999999999999","""uniform""","""vaguely-speak""","0.86","""uniform""","""link""","true","4","1.0E-5","false","true","0.8","3000","20","2","""HK""","5000","false","false","1","2","1","25","true","false","3000","false","257","""-307363190""","1.007","1.007","1.007","0","1.007"
"1","36","50","0.37","""uniform""","35","0.06","0.07","""uniform""","0.09999999999999999","""uniform""","""openly-listen""","0.48","""uniform""","""link""","false","4","1.0E-5","false","true","0.8","3000","20","2","""HK""","5000","false","false","1","2","1","25","true","false","3000","false","257","""1572682947""","0.983","0.983","0.983","0","0.983"
"1","37","50","0.37","""uniform""","35","0.06","0.07","""uniform""","0.09999999999999999","""uniform""","""openly-listen""","0.48","""uniform""","""link""","false","4","1.0E-5","false","true","0.8","3000","20","2","""HK""","5000","false","false","1","2","1","25","true","false","3000","false","257","""1135630847""","1.015","1.015","1.015","0","1.015"
"1","38","50","0.37","""uniform""","35","0.06","0.07","""uniform""","0.09999999999999999","""uniform""","""openly-listen""","0.48","""uniform""","""link""","false","4","1.0E-5","false","true","0.8","3000","20","2","""HK""","5000","false","false","1","2","1","25","true","false","3000","false","257","""717599474""","0.974","0.974","0.974","0","0.974"
"1","39","50","0.37","""uniform""","35","0.06","0.07","""uniform""","0.09999999999999999","""uniform""","""openly-listen""","0.48","""uniform""","""link""","false","4","1.0E-5","false","true","0.8","3000","20","2","""HK""","5000","false","false","1","2","1","25","true","false","3000","false","257","""512839443""","0.913","0.913","0.913","0","0.913"
"1","40","50","0.37","""uniform""","35","0.06","0.07","""uniform""","0.09999999999999999","""uniform""","""openly-listen""","0.48","""uniform""","""link""","false","4","1.0E-5","false","true","0.8","3000","20","2","""HK""","5000","false","false","1","2","1","25","true","false","3000","false","257","""1061640911""","1.05","1.05","1.05","0","1.05"
"2","1","25","0.2","""uniform""","35","0.15","0.9520000000000001","""uniform""","0.14","""uniform""","""vaguely-speak""","0.54","""uniform""","""link""","false","4","1.0E-5","false","true","0.8","3000","20","2","""HK""","5000","false","false","1","2","1","25","true","false","3000","false","257","""1490269882""","0.253","0.253","0.253","0","0.253"
"2","2","25","0.2","""uniform""","35","0.15","0.9520000000000001","""uniform""","0.14","""uniform""","""vaguely-speak""","0.54","""uniform""","""link""","false","4","1.0E-5","false","true","0.8","3000","20","2","""HK""","5000","false","false","1","2","1","25","true","false","3000","false","257","""-468831698""","0.04","0.04","0.04","0","0.04"
"2","3","25","0.2","""uniform""","35","0.15","0.9520000000000001","""uniform""","0.14","""uniform""","""vaguely-speak""","0.54","""uniform""","""link""","false","4","1.0E-5","false","true","0.8","3000","20","2","""HK""","5000","false","false","1","2","1","25","true","false","3000","false","257","""636591746""","0.178","0.178","0.178","0","0.178"
"2","4","25","0.2","""uniform""","35","0.15","0.9520000000000001","""uniform""","0.14","""uniform""","""vaguely-speak""","0.54","""uniform""","""link""","false","4","1.0E-5","false","true","0.8","3000","20","2","""HK""","5000","false","false","1","2","1","25","true","false","3000","false","257","""1596079707""","0.072","0.072","0.072","0","0.072"
"2","5","25","0.2","""uniform""","35","0.15","0.9520000000000001","""uniform""","0.14","""uniform""","""vaguely-speak""","0.54","""uniform""","""link""","false","4","1.0E-5","false","true","0.8","3000","20","2","""HK""","5000","false","false","1","2","1","25","true","false","3000","false","257","""948447367""","0.269","0.269","0.269","0","0.269"
"2","6","25","0.15000000000000002","""uniform""","62","0.12","0.002","""uniform""","0.28","""uniform""","""vaguely-speak""","0.6","""uniform""","""link""","true","4","1.0E-5","false","true","0.8","3000","20","2","""HK""","5000","false","false","1","2","1","25","true","false","3000","false","257","""-595559348""","0.088","0.088","0.088","0","0.088"
"2","7","25","0.15000000000000002","""uniform""","62","0.12","0.002","""uniform""","0.28","""uniform""","""vaguely-speak""","0.6","""uniform""","""link""","true","4","1.0E-5","false","true","0.8","3000","20","2","""HK""","5000","false","false","1","2","1","25","true","false","3000","false","257","""-1645967733""","0.054","0.054","0.054","0","0.054"
"2","8","25","0.15000000000000002","""uniform""","62","0.12","0.002","""uniform""","0.28","""uniform""","""vaguely-speak""","0.6","""uniform""","""link""","true","4","1.0E-5","false","true","0.8","3000","20","2","""HK""","5000","false","false","1","2","1","25","true","false","3000","false","257","""1439497487""","0.058","0.058","0.058","0","0.058"
"2","9","25","0.15000000000000002","""uniform""","62","0.12","0.002","""uniform""","0.28","""uniform""","""vaguely-speak""","0.6","""uniform""","""link""","true","4","1.0E-5","false","true","0.8","3000","20","2","""HK""","5000","false","false","1","2","1","25","true","false","3000","false","257","""-1348419132""","0.171","0.171","0.171","0","0.171"
"2","10","25","0.15000000000000002","""uniform""","62","0.12","0.002","""uniform""","0.28","""uniform""","""vaguely-speak""","0.6","""uniform""","""link""","true","4","1.0E-5","false","true","0.8","3000","20","2","""HK""","5000","false","false","1","2","1","25","true","false","3000","false","257","""-2088494734""","0.046","0.046","0.046","0","0.046"
"2","11","25","0.33","""uniform""","32","0.18","0.162","""uniform""","0.04","""uniform""","""vaguely-speak""","0.97","""uniform""","""link""","true","4","1.0E-5","false","true","0.8","3000","20","2","""HK""","5000","false","false","1","2","1","25","true","false","3000","false","257","""1006903393""","0.942","0.942","0.942","0","0.942"
"2","12","25","0.33","""uniform""","32","0.18","0.162","""uniform""","0.04","""uniform""","""vaguely-speak""","0.97","""uniform""","""link""","true","4","1.0E-5","false","true","0.8","3000","20","2","""HK""","5000","false","false","1","2","1","25","true","false","3000","false","257","""882754110""","0.933","0.933","0.933","0","0.933"
"2","13","25","0.33","""uniform""","32","0.18","0.162","""uniform""","0.04","""uniform""","""vaguely-speak""","0.97","""uniform""","""link""","true","4","1.0E-5","false","true","0.8","3000","20","2","""HK""","5000","false","false","1","2","1","25","true","false","3000","false","257","""1439404351""","0.981","0.981","0.981","0","0.981"
"2","14","25","0.33","""uniform""","32","0.18","0.162","""uniform""","0.04","""uniform""","""vaguely-speak""","0.97","""uniform""","""link""","true","4","1.0E-5","false","true","0.8","3000","20","2","""HK""","5000","false","false","1","2","1","25","true","false","3000","false","257","""636083154""","0.97","0.97","0.97","0","0.97"
"2","15","25","0.33","""uniform""","32","0.18","0.162","""uniform""","0.04","""uniform""","""vaguely-speak""","0.97","""uniform""","""link""","true","4","1.0E-5","false","true","0.8","3000","20","2","""HK""","5000","false","false","1","2","1","25","true","false","3000","false","257","""-60628509""","0.965","0.965","0.965","0","0.965"
"2","16","25","0.37","""uniform""","14","0.24","0.548","""uniform""","0.29000000000000004","""uniform""","""vaguely-speak""","0.32","""uniform""","""link""","true","4","1.0E-5","false","true","0.8","3000","20","2","""HK""","5000","false","false","1","2","1","25","true","false","3000","false","257","""-1368070620""","0","0","0","0","0"
"2","17","25","0.37","""uniform""","14","0.24","0.548","""uniform""","0.29000000000000004","""uniform""","""vaguely-speak""","0.32","""uniform""","""link""","true","4","1.0E-5","false","true","0.8","3000","20","2","""HK""","5000","false","false","1","2","1","25","true","false","3000","false","257","""-1784259833""","0","0","0","0","0"
"2","18","25","0.37","""uniform""","14","0.24","0.548","""uniform""","0.29000000000000004","""uniform""","""vaguely-speak""","0.32","""uniform""","""link""","true","4","1.0E-5","false","true","0.8","3000","20","2","""HK""","5000","false","false","1","2","1","25","true","false","3000","false","257","""-662551645""","0","0","0","0","0"
"2","19","25","0.37","""uniform""","14","0.24","0.548","""uniform""","0.29000000000000004","""uniform""","""vaguely-speak""","0.32","""uniform""","""link""","true","4","1.0E-5","false","true","0.8","3000","20","2","""HK""","5000","false","false","1","2","1","25","true","false","3000","false","257","""-779894790""","0.01","0.01","0.01","0","0.01"
"2","20","25","0.37","""uniform""","14","0.24","0.548","""uniform""","0.29000000000000004","""uniform""","""vaguely-speak""","0.32","""uniform""","""link""","true","4","1.0E-5","false","true","0.8","3000","20","2","""HK""","5000","false","false","1","2","1","25","true","false","3000","false","257","""1905320828""","0","0","0","0","0"
"2","21","25","0.15000000000000002","""uniform""","14","0.01","0.382","""uniform""","0.19","""uniform""","""vaguely-speak""","0.45999999999999996","""uniform""","""link""","false","4","1.0E-5","false","true","0.8","3000","20","2","""HK""","5000","false","false","1","2","1","25","true","false","3000","false","257","""1535240342""","0.739","0.739","0.739","0","0.739"
"2","22","25","0.15000000000000002","""uniform""","14","0.01","0.382","""uniform""","0.19","""uniform""","""vaguely-speak""","0.45999999999999996","""uniform""","""link""","false","4","1.0E-5","false","true","0.8","3000","20","2","""HK""","5000","false","false","1","2","1","25","true","false","3000","false","257","""256386434""","0.616","0.616","0.616","0","0.616"
"2","23","25","0.15000000000000002","""uniform""","14","0.01","0.382","""uniform""","0.19","""uniform""","""vaguely-speak""","0.45999999999999996","""uniform""","""link""","false","4","1.0E-5","false","true","0.8","3000","20","2","""HK""","5000","false","false","1","2","1","25","true","false","3000","false","257","""527154289""","0.458","0.458","0.458","0","0.458"
"2","24","25","0.15000000000000002","""uniform""","14","0.01","0.382","""uniform""","0.19","""uniform""","""vaguely-speak""","0.45999999999999996","""uniform""","""link""","false","4","1.0E-5","false","true","0.8","3000","20","2","""HK""","5000","false","false","1","2","1","25","true","false","3000","false","257","""-1070611126""","0.543","0.543","0.543","0","0.543"
"2","25","25","0.15000000000000002","""uniform""","14","0.01","0.382","""uniform""","0.19","""uniform""","""vaguely-speak""","0.45999999999999996","""uniform""","""link""","false","4","1.0E-5","false","true","0.8","3000","20","2","""HK""","5000","false","false","1","2","1","25","true","false","3000","false","257","""867237979""","0.526","0.526","0.526","0","0.526"
"2","26","75","0.33","""uniform""","32","0.18","0.162","""uniform""","0.03","""uniform""","""vaguely-speak""","0.97","""uniform""","""link""","true","4","1.0E-5","false","true","0.8","3000","20","2","""HK""","5000","false","false","1","2","1","25","true","false","3000","false","257","""2131561303""","0.939","0.939","0.939","0","0.939"
"2","27","75","0.33","""uniform""","32","0.18","0.162","""uniform""","0.03","""uniform""","""vaguely-speak""","0.97","""uniform""","""link""","true","4","1.0E-5","false","true","0.8","3000","20","2","""HK""","5000","false","false","1","2","1","25","true","false","3000","false","257","""1060042318""","0.982","0.982","0.982","0","0.982"
"2","28","75","0.33","""uniform""","32","0.18","0.162","""uniform""","0.03","""uniform""","""vaguely-speak""","0.97","""uniform""","""link""","true","4","1.0E-5","false","true","0.8","3000","20","2","""HK""","5000","false","false","1","2","1","25","true","false","3000","false","257","""-1256247972""","0.961","0.961","0.961","0","0.961"
"2","29","75","0.33","""uniform""","32","0.18","0.162","""uniform""","0.03","""uniform""","""vaguely-speak""","0.97","""uniform""","""link""","true","4","1.0E-5","false","true","0.8","3000","20","2","""HK""","5000","false","false","1","2","1","25","true","false","3000","false","257","""16085047""","0.99","0.99","0.99","0","0.99"
"2","30","75","0.33","""uniform""","32","0.18","0.162","""uniform""","0.03","""uniform""","""vaguely-speak""","0.97","""uniform""","""link""","true","4","1.0E-5","false","true","0.8","3000","20","2","""HK""","5000","false","false","1","2","1","25","true","false","3000","false","257","""991810091""","0.98","0.98","0.98","0","0.98"
"3","1","25","0.72","""uniform""","43","0","0.921","""uniform""","0.25","""uniform""","""openly-listen""","0.37","""uniform""","""link""","false","4","1.0E-5","false","true","0.8","3000","20","2","""HK""","5000","false","false","1","2","1","25","true","false","3000","false","257","""-815953850""","0.2","0.2","0.2","0","0.2"
"3","2","25","0.72","""uniform""","43","0","0.921","""uniform""","0.25","""uniform""","""openly-listen""","0.37","""uniform""","""link""","false","4","1.0E-5","false","true","0.8","3000","20","2","""HK""","5000","false","false","1","2","1","25","true","false","3000","false","257","""-498321606""","0.264","0.264","0.264","0","0.264"
"3","3","25","0.72","""uniform""","43","0","0.921","""uniform""","0.25","""uniform""","""openly-listen""","0.37","""uniform""","""link""","false","4","1.0E-5","false","true","0.8","3000","20","2","""HK""","5000","false","false","1","2","1","25","true","false","3000","false","257","""1135651855""","0.187","0.187","0.187","0","0.187"
"3","4","25","0.72","""uniform""","43","0","0.921","""uniform""","0.25","""uniform""","""openly-listen""","0.37","""uniform""","""link""","false","4","1.0E-5","false","true","0.8","3000","20","2","""HK""","5000","false","false","1","2","1","25","true","false","3000","false","257","""1960449156""","0.249","0.249","0.249","0","0.249"
"3","5","25","0.72","""uniform""","43","0","0.921","""uniform""","0.25","""uniform""","""openly-listen""","0.37","""uniform""","""link""","false","4","1.0E-5","false","true","0.8","3000","20","2","""HK""","5000","false","false","1","2","1","25","true","false","3000","false","257","""-1364472005""","0.25","0.25","0.25","0","0.25"
"3","6","25","0.39","""uniform""","50","0.12","0.9570000000000001","""uniform""","0.23","""uniform""","""openly-listen""","0.95","""uniform""","""link""","false","4","1.0E-5","false","true","0.8","3000","20","2","""HK""","5000","false","false","1","2","1","25","true","false","3000","false","257","""-112304368""","0.339","0.339","0.339","0","0.339"
"3","7","25","0.39","""uniform""","50","0.12","0.9570000000000001","""uniform""","0.23","""uniform""","""openly-listen""","0.95","""uniform""","""link""","false","4","1.0E-5","false","true","0.8","3000","20","2","""HK""","5000","false","false","1","2","1","25","true","false","3000","false","257","""-1090386188""","0.394","0.394","0.394","0","0.394"
"3","8","25","0.39","""uniform""","50","0.12","0.9570000000000001","""uniform""","0.23","""uniform""","""openly-listen""","0.95","""uniform""","""link""","false","4","1.0E-5","false","true","0.8","3000","20","2","""HK""","5000","false","false","1","2","1","25","true","false","3000","false","257","""-1547748060""","0.372","0.372","0.372","0","0.372"
"3","9","25","0.39","""uniform""","50","0.12","0.9570000000000001","""uniform""","0.23","""uniform""","""openly-listen""","0.95","""uniform""","""link""","false","4","1.0E-5","false","true","0.8","3000","20","2","""HK""","5000","false","false","1","2","1","25","true","false","3000","false","257","""162532308""","0.296","0.296","0.296","0","0.296"
"3","10","25","0.39","""uniform""","50","0.12","0.9570000000000001","""uniform""","0.23","""uniform""","""openly-listen""","0.95","""uniform""","""link""","false","4","1.0E-5","false","true","0.8","3000","20","2","""HK""","5000","false","false","1","2","1","25","true","false","3000","false","257","""2019293682""","0.324","0.324","0.324","0","0.324"
"3","11","25","0.59","""uniform""","37","0.08","0.428","""uniform""","0.2","""uniform""","""openly-listen""","0.18","""uniform""","""link""","false","4","1.0E-5","false","true","0.8","3000","20","2","""HK""","5000","false","false","1","2","1","25","true","false","3000","false","257","""910253905""","0.353","0.353","0.353","0","0.353"
"3","12","25","0.59","""uniform""","37","0.08","0.428","""uniform""","0.2","""uniform""","""openly-listen""","0.18","""uniform""","""link""","false","4","1.0E-5","false","true","0.8","3000","20","2","""HK""","5000","false","false","1","2","1","25","true","false","3000","false","257","""-2068677570""","0.32","0.32","0.32","0","0.32"
"3","13","25","0.59","""uniform""","37","0.08","0.428","""uniform""","0.2","""uniform""","""openly-listen""","0.18","""uniform""","""link""","false","4","1.0E-5","false","true","0.8","3000","20","2","""HK""","5000","false","false","1","2","1","25","true","false","3000","false","257","""-1282075061""","0.301","0.301","0.301","0","0.301"
"3","14","25","0.59","""uniform""","37","0.08","0.428","""uniform""","0.2","""uniform""","""openly-listen""","0.18","""uniform""","""link""","false","4","1.0E-5","false","true","0.8","3000","20","2","""HK""","5000","false","false","1","2","1","25","true","false","3000","false","257","""504616320""","0.479","0.479","0.479","0","0.479"
"3","15","25","0.59","""uniform""","37","0.08","0.428","""uniform""","0.2","""uniform""","""openly-listen""","0.18","""uniform""","""link""","false","4","1.0E-5","false","true","0.8","3000","20","2","""HK""","5000","false","false","1","2","1","25","true","false","3000","false","257","""-974714973""","0.419","0.419","0.419","0","0.419"
"3","16","25","0.32","""uniform""","35","0.01","0.048","""uniform""","0.26","""uniform""","""openly-listen""","0.98","""uniform""","""link""","true","4","1.0E-5","false","true","0.8","3000","20","2","""HK""","5000","false","false","1","2","1","25","true","false","3000","false","257","""563862406""","0.477","0.477","0.477","0","0.477"
"3","17","25","0.32","""uniform""","35","0.01","0.048","""uniform""","0.26","""uniform""","""openly-listen""","0.98","""uniform""","""link""","true","4","1.0E-5","false","true","0.8","3000","20","2","""HK""","5000","false","false","1","2","1","25","true","false","3000","false","257","""-1294994498""","0.35","0.35","0.35","0","0.35"
"3","18","25","0.32","""uniform""","35","0.01","0.048","""uniform""","0.26","""uniform""","""openly-listen""","0.98","""uniform""","""link""","true","4","1.0E-5","false","true","0.8","3000","20","2","""HK""","5000","false","false","1","2","1","25","true","false","3000","false","257","""-409902816""","0.404","0.404","0.404","0","0.404"
"3","19","25","0.32","""uniform""","35","0.01","0.048","""uniform""","0.26","""uniform""","""openly-listen""","0.98","""uniform""","""link""","true","4","1.0E-5","false","true","0.8","3000","20","2","""HK""","5000","false","false","1","2","1","25","true","false","3000","false","257","""-242288372""","0.433","0.433","0.433","0","0.433"
"3","20","25","0.32","""uniform""","35","0.01","0.048","""uniform""","0.26","""uniform""","""openly-listen""","0.98","""uniform""","""link""","true","4","1.0E-5","false","true","0.8","3000","20","2","""HK""","5000","false","false","1","2","1","25","true","false","3000","false","257","""1723606647""","0.396","0.396","0.396","0","0.396"
"3","21","25","0.69","""uniform""","43","0.35000000000000003","0.465","""uniform""","0.33","""uniform""","""vaguely-speak""","0.82","""uniform""","""link""","false","4","1.0E-5","false","true","0.8","3000","20","2","""HK""","5000","false","false","1","2","1","25","true","false","3000","false","257","""-1533782610""","0","0","0","0","0"
"3","22","25","0.69","""uniform""","43","0.35000000000000003","0.465","""uniform""","0.33","""uniform""","""vaguely-speak""","0.82","""uniform""","""link""","false","4","1.0E-5","false","true","0.8","3000","20","2","""HK""","5000","false","false","1","2","1","25","true","false","3000","false","257","""215767552""","0","0","0","0","0"
"3","23","25","0.69","""uniform""","43","0.35000000000000003","0.465","""uniform""","0.33","""uniform""","""vaguely-speak""","0.82","""uniform""","""link""","false","4","1.0E-5","false","true","0.8","3000","20","2","""HK""","5000","false","false","1","2","1","25","true","false","3000","false","257","""-1380147349""","0","0","0","0","0"
"3","24","25","0.69","""uniform""","43","0.35000000000000003","0.465","""uniform""","0.33","""uniform""","""vaguely-speak""","0.82","""uniform""","""link""","false","4","1.0E-5","false","true","0.8","3000","20","2","""HK""","5000","false","false","1","2","1","25","true","false","3000","false","257","""1736857060""","0","0","0","0","0"
"3","25","25","0.69","""uniform""","43","0.35000000000000003","0.465","""uniform""","0.33","""uniform""","""vaguely-speak""","0.82","""uniform""","""link""","false","4","1.0E-5","false","true","0.8","3000","20","2","""HK""","5000","false","false","1","2","1","25","true","false","3000","false","257","""-1043489412""","0","0","0","0","0"
"3","26","50","0.39","""uniform""","37","0.08","0.428","""uniform""","0.2","""uniform""","""openly-listen""","0.18","""uniform""","""link""","false","4","1.0E-5","false","true","0.8","3000","20","2","""HK""","5000","false","false","1","2","1","25","true","false","3000","false","257","""-427894948""","0.291","0.291","0.291","0","0.291"
"3","27","50","0.39","""uniform""","37","0.08","0.428","""uniform""","0.2","""uniform""","""openly-listen""","0.18","""uniform""","""link""","false","4","1.0E-5","false","true","0.8","3000","20","2","""HK""","5000","false","false","1","2","1","25","true","false","3000","false","257","""-1390141323""","0.243","0.243","0.243","0","0.243"
"3","28","50","0.39","""uniform""","37","0.08","0.428","""uniform""","0.2","""uniform""","""openly-listen""","0.18","""uniform""","""link""","false","4","1.0E-5","false","true","0.8","3000","20","2","""HK""","5000","false","false","1","2","1","25","true","false","3000","false","257","""-1621142562""","0.219","0.219","0.219","0","0.219"
"3","29","50","0.39","""uniform""","37","0.08","0.428","""uniform""","0.2","""uniform""","""openly-listen""","0.18","""uniform""","""link""","false","4","1.0E-5","false","true","0.8","3000","20","2","""HK""","5000","false","false","1","2","1","25","true","false","3000","false","257","""1699938475""","0.419","0.419","0.419","0","0.419"
"3","30","50","0.39","""uniform""","37","0.08","0.428","""uniform""","0.2","""uniform""","""openly-listen""","0.18","""uniform""","""link""","false","4","1.0E-5","false","true","0.8","3000","20","2","""HK""","5000","false","false","1","2","1","25","true","false","3000","false","257","""-1758677591""","0.405","0.405","0.405","0","0.405"
"3","31","50","0.59","""uniform""","50","0.12","0.9570000000000001","""uniform""","0.23","""uniform""","""openly-listen""","0.95","""uniform""","""link""","false","4","1.0E-5","false","true","0.8","3000","20","2","""HK""","5000","false","false","1","2","1","25","true","false","3000","false","257","""-785877341""","0.476","0.476","0.476","0","0.476"
"3","32","50","0.59","""uniform""","50","0.12","0.9570000000000001","""uniform""","0.23","""uniform""","""openly-listen""","0.95","""uniform""","""link""","false","4","1.0E-5","false","true","0.8","3000","20","2","""HK""","5000","false","false","1","2","1","25","true","false","3000","false","257","""1003143124""","0.384","0.384","0.384","0","0.384"
"3","33","50","0.59","""uniform""","50","0.12","0.9570000000000001","""uniform""","0.23","""uniform""","""openly-listen""","0.95","""uniform""","""link""","false","4","1.0E-5","false","true","0.8","3000","20","2","""HK""","5000","false","false","1","2","1","25","true","false","3000","false","257","""783205018""","0.421","0.421","0.421","0","0.421"
"3","34","50","0.59","""uniform""","50","0.12","0.9570000000000001","""uniform""","0.23","""uniform""","""openly-listen""","0.95","""uniform""","""link""","false","4","1.0E-5","false","true","0.8","3000","20","2","""HK""","5000","false","false","1","2","1","25","true","false","3000","false","257","""838300988""","0.332","0.332","0.332","0","0.332"
"3","35","50","0.59","""uniform""","50","0.12","0.9570000000000001","""uniform""","0.23","""uniform""","""openly-listen""","0.95","""uniform""","""link""","false","4","1.0E-5","false","true","0.8","3000","20","2","""HK""","5000","false","false","1","2","1","25","true","false","3000","false","257","""1183552213""","0.421","0.421","0.421","0","0.421"
"3","36","50","0.59","""uniform""","36","0.08","0.428","""uniform""","0.2","""uniform""","""openly-listen""","0.18","""uniform""","""link""","false","4","1.0E-5","false","true","0.8","3000","20","2","""HK""","5000","false","false","1","2","1","25","true","false","3000","false","257","""-131725628""","0.33","0.33","0.33","0","0.33"
"3","37","50","0.59","""uniform""","36","0.08","0.428","""uniform""","0.2","""uniform""","""openly-listen""","0.18","""uniform""","""link""","false","4","1.0E-5","false","true","0.8","3000","20","2","""HK""","5000","false","false","1","2","1","25","true","false","3000","false","257","""1623710160""","0.331","0.331","0.331","0","0.331"
"3","38","50","0.59","""uniform""","36","0.08","0.428","""uniform""","0.2","""uniform""","""openly-listen""","0.18","""uniform""","""link""","false","4","1.0E-5","false","true","0.8","3000","20","2","""HK""","5000","false","false","1","2","1","25","true","false","3000","false","257","""347363604""","0.306","0.306","0.306","0","0.306"
"3","39","50","0.59","""uniform""","36","0.08","0.428","""uniform""","0.2","""uniform""","""openly-listen""","0.18","""uniform""","""link""","false","4","1.0E-5","false","true","0.8","3000","20","2","""HK""","5000","false","false","1","2","1","25","true","false","3000","false","257","""785207653""","0.333","0.333","0.333","0","0.333"
"3","40","50","0.59","""uniform""","36","0.08","0.428","""uniform""","0.2","""uniform""","""openly-listen""","0.18","""uniform""","""link""","false","4","1.0E-5","false","true","0.8","3000","20","2","""HK""","5000","false","false","1","2","1","25","true","false","3000","false","257","""-1965275240""","0.39","0.39","0.39","0","0.39"
